experiment,layers,dropout_rate,activation,timesteps,batch_size,filters,kernel_size,pool_size,epochs,mae_blind,rmse_blind,loss,mae,rmse,loss,mae,rmse,train_time
1,1,0.0,relu,7,10,32,4,1,25,0.16255618631839752,0.1847911924123764,0.03948863844076792,0.0272455761830012,0.04012391343712807,[[0.23732672]],[[0.16374591]],[[0.24114472]],24.406504154205322
2,1,0.0,relu,7,10,32,4,2,25,0.1507914513349533,0.17568214237689972,0.03857175447046757,0.026044975966215134,0.03922267506519953,[[0.23181624]],[[0.15653031]],[[0.23572828]],21.466383934020996
3,1,0.0,relu,7,10,32,5,1,25,0.1566644012928009,0.18105356395244598,0.037871841341257095,0.02567540357510249,0.03851358530422052,[[0.22760977]],[[0.15430918]],[[0.23146665]],21.616623163223267
4,1,0.0,relu,7,10,32,5,2,25,0.2363489717245102,0.25955522060394287,0.05348552390933037,0.04141078827281793,0.05393350372711817,[[0.321448]],[[0.24887884]],[[0.32414036]],20.57650876045227
5,1,0.0,relu,7,10,32,6,1,25,0.15199242532253265,0.17671619355678558,0.03742305872340997,0.025195221106211346,0.038083444039026894,[[0.22491258]],[[0.15142328]],[[0.2288815]],24.245492696762085
6,1,0.0,relu,7,10,32,6,2,25,0.16001911461353302,0.18458271026611328,0.0403706698367993,0.02814013386766116,0.040999909241994224,[[0.24262773]],[[0.1691222]],[[0.24640945]],20.51628541946411
7,1,0.0,relu,7,10,64,4,1,25,0.17970748245716095,0.2007617950439453,0.04348020007212957,0.031406709303458534,0.04404516269763311,[[0.261316]],[[0.18875432]],[[0.26471143]],24.624579429626465
8,1,0.0,relu,7,10,64,4,2,25,0.15457777678966522,0.17768625915050507,0.04013135408361753,0.027923285961151123,0.040714199344317116,[[0.24118944]],[[0.16781895]],[[0.24469234]],25.055432081222534
9,1,0.0,relu,7,10,64,5,1,25,0.1741514950990677,0.19511394202709198,0.04207054153084755,0.030070713410774868,0.04263960445920626,[[0.25284395]],[[0.18072499]],[[0.25626402]],21.743577480316162
10,1,0.0,relu,7,10,64,5,2,25,0.22479866445064545,0.24800901114940643,0.05282829205195109,0.040906742215156555,0.05327130729953448,[[0.31749804]],[[0.24584952]],[[0.32016056]],21.226882219314575
11,1,0.0,relu,7,10,64,6,1,25,0.1604779213666916,0.18196339905261993,0.04071925828854243,0.028824088474114735,0.04133181522289912,[[0.24472274]],[[0.17323277]],[[0.24840421]],19.418898344039917
12,1,0.0,relu,7,10,64,6,2,25,0.15569858253002167,0.18064194917678833,0.04074521114428838,0.02864876762032509,0.04138167450825373,[[0.24487872]],[[0.17217909]],[[0.24870386]],24.97454571723938
13,1,0.0,relu,7,20,32,4,1,25,0.1918073296546936,0.21746347844600677,0.042232790340979896,0.030054204165935516,0.042947053288420044,[[0.25381907]],[[0.18062577]],[[0.25811179]],15.4000723361969
14,1,0.0,relu,7,20,32,4,2,25,0.16560862958431244,0.19193445146083832,0.039594005793333054,0.027330953006943066,0.04013731827338537,[[0.23795997]],[[0.16425903]],[[0.24122528]],16.588740348815918
15,1,0.0,relu,7,20,32,5,1,25,0.18128299713134766,0.20681197941303253,0.042163037384549774,0.030128355448444683,0.04281796390811602,[[0.25339985]],[[0.18107142]],[[0.25733596]],16.018640518188477
16,1,0.0,relu,7,20,32,5,2,25,0.16008330881595612,0.18496708571910858,0.0416497178375721,0.02918362741669019,0.042258561899264656,[[0.2503148]],[[0.1753936]],[[0.25397396]],15.918106317520142
17,1,0.0,relu,7,20,32,6,1,25,0.16275644302368164,0.18790370225906372,0.03896999297042688,0.026906991998354595,0.03961973264813423,[[0.23420966]],[[0.16171102]],[[0.23811459]],15.057751655578613
18,1,0.0,relu,7,20,32,6,2,25,0.1506516933441162,0.17570476233959198,0.03909358692665895,0.02713141217827797,0.03963500385483106,[[0.23495246]],[[0.16305979]],[[0.23820637]],15.872977256774902
19,1,0.0,relu,7,20,64,4,1,25,0.21042974293231964,0.23439936339855194,0.04255041480064392,0.030343299110730488,0.04318395753701528,[[0.25572799]],[[0.18236323]],[[0.25953558]],14.565739154815674
20,1,0.0,relu,7,20,64,4,2,25,0.17431862652301788,0.19944822788238525,0.04382132552564144,0.03185389873882135,0.04439724857608477,[[0.26336617]],[[0.19144193]],[[0.26682746]],14.447083950042725
21,1,0.0,relu,7,20,64,5,1,25,0.18751759827136993,0.21426653861999512,0.043876526256402336,0.031535714864730835,0.04455431799093882,[[0.26369792]],[[0.18952965]],[[0.26777145]],15.111824989318848
22,1,0.0,relu,7,20,64,5,2,25,0.19598086178302765,0.2177169770002365,0.04816847542921702,0.035726275915900864,0.048864456514517464,[[0.28949254]],[[0.21471492]],[[0.29367538]],18.15849280357361
23,1,0.0,relu,7,20,64,6,1,25,0.19519980251789093,0.22062723338603973,0.04544896321992079,0.03309295574824015,0.04616560290257136,[[0.27314827]],[[0.19888866]],[[0.27745527]],14.886166334152222
24,1,0.0,relu,7,20,64,6,2,25,0.14878292381763458,0.173495814204216,0.040302883833646774,0.02844009113808473,0.0408351793885231,[[0.24222033]],[[0.17092495]],[[0.24541943]],16.92237114906311
25,1,0.0,relu,7,30,32,4,1,25,0.20584619045257568,0.2281475067138672,0.04322816183169683,0.030689017847180367,0.04394550000627836,[[0.25980125]],[[0.184441]],[[0.26411246]],13.481069087982178
26,1,0.0,relu,7,30,32,4,2,25,0.16508172452449799,0.1894041895866394,0.039700922866662346,0.02660444254676501,0.040427797784407936,[[0.23860255]],[[0.1598927]],[[0.24297106]],13.648635387420654
27,1,0.0,relu,7,30,32,5,1,25,0.16932253539562225,0.1922788769006729,0.03920222818851471,0.026438390836119652,0.039887018501758575,[[0.23560539]],[[0.15889473]],[[0.23972098]],14.311381340026855
28,1,0.0,relu,7,30,32,5,2,25,0.16834451258182526,0.1922941654920578,0.0419427827000618,0.02908325381577015,0.04263443251450857,[[0.25207612]],[[0.17479036]],[[0.25623294]],12.759393453598022
29,1,0.0,relu,7,30,32,6,1,25,0.1659855842590332,0.1894742101430893,0.03791158522168795,0.025350036099553108,0.038631144911050797,[[0.22784863]],[[0.15235372]],[[0.23217318]],12.822086334228516
30,1,0.0,relu,7,30,32,6,2,25,0.1606401652097702,0.18471670150756836,0.039022086188197136,0.02623727296789487,0.03972579538822174,[[0.23452274]],[[0.15768601]],[[0.23875203]],12.541225910186768
31,1,0.0,relu,7,30,64,4,1,25,0.173070028424263,0.1961662322282791,0.040971399595340095,0.028553407018383343,0.04160910348097483,[[0.24623811]],[[0.17160598]],[[0.25007071]],14.23511552810669
32,1,0.0,relu,7,30,64,4,2,25,0.1627093106508255,0.1854298859834671,0.04088975737492243,0.02774550144871076,0.04154470438758532,[[0.24574744]],[[0.16675046]],[[0.24968367]],14.156075716018677
33,1,0.0,relu,7,30,64,5,1,25,0.1756649762392044,0.19851648807525635,0.042561655243237816,0.030280644074082375,0.043138508995374046,[[0.25579555]],[[0.18198667]],[[0.25926244]],13.309157848358154
34,1,0.0,relu,7,30,64,5,2,25,0.17292799055576324,0.1961175799369812,0.04248523091276487,0.029566760485370953,0.043193877985080086,[[0.25533624]],[[0.17769623]],[[0.25959521]],12.526026248931885
35,1,0.0,relu,7,30,64,6,1,25,0.17176009714603424,0.19420988857746124,0.04063714047273,0.02785184606909752,0.041329791148503624,[[0.24422921]],[[0.16738959]],[[0.24839204]],13.34130334854126
36,1,0.0,relu,7,30,64,6,2,25,0.16838867962360382,0.19144149124622345,0.03939555026590824,0.02661540483434995,0.040080769608418144,[[0.23676726]],[[0.15995858]],[[0.24088543]],13.539980173110962
37,1,0.0,relu,14,10,32,4,1,25,0.16492582857608795,0.18884558975696564,0.04134573973715305,0.029189128428697586,0.04208250530064106,[[0.2484879]],[[0.17542666]],[[0.25291586]],24.915570497512817
38,1,0.0,relu,14,10,32,4,2,25,0.20889367163181305,0.23279570043087006,0.04990094155073166,0.037562831615408264,0.05049799382686615,[[0.29990466]],[[0.22575262]],[[0.30349294]],21.049163103103638
39,1,0.0,relu,14,10,32,5,1,25,0.17397843301296234,0.1987093687057495,0.04211748453478018,0.02996690881748994,0.04287717988093694,[[0.25312608]],[[0.18010112]],[[0.25769185]],24.580514669418335
40,1,0.0,relu,14,10,32,5,2,25,0.16570191085338593,0.19150429964065552,0.04143489648898443,0.028987993175784748,0.04216858620444933,[[0.24902373]],[[0.17421784]],[[0.2534332]],25.71333956718445
41,1,0.0,relu,14,10,32,6,1,25,0.1745830774307251,0.20099450647830963,0.04186788077155749,0.029657520353794098,0.042633067816495895,[[0.25162596]],[[0.1782417]],[[0.25622474]],25.907159566879272
42,1,0.0,relu,14,10,32,6,2,25,0.20438943803310394,0.23014545440673828,0.04977509255210558,0.037263972063859306,0.05035701642433802,[[0.29914831]],[[0.22395647]],[[0.30264567]],20.742827653884888
43,1,0.0,relu,14,10,64,4,1,25,0.16794870793819427,0.19186608493328094,0.04216243512928486,0.029744766652584076,0.04288310930132866,[[0.25339624]],[[0.17876605]],[[0.25772749]],19.82380723953247
44,1,0.0,relu,14,10,64,4,2,25,0.2362089902162552,0.2599329948425293,0.05663766339421272,0.04441568814218044,0.05710216363271078,[[0.34039236]],[[0.26693829]],[[0.343184]],20.964417695999146
45,1,0.0,relu,14,10,64,5,1,25,0.16023586690425873,0.1857125163078308,0.040546741957465805,0.028312016899387043,0.04122102508942286,[[0.24368592]],[[0.17015522]],[[0.24773836]],19.24199604988098
46,1,0.0,relu,14,10,64,5,2,25,0.23103219270706177,0.2551485598087311,0.05378992979725202,0.04181923593084017,0.05423210437099139,[[0.32327748]],[[0.25133361]],[[0.32593495]],18.759178161621094
47,1,0.0,relu,14,10,64,6,1,25,0.1740712672472,0.1970575600862503,0.04487296318014463,0.03275970866282781,0.045512848844130836,[[0.26968651]],[[0.19688585]],[[0.27353222]],25.974517107009888
48,1,0.0,relu,14,10,64,6,2,25,0.22260946035385132,0.24633930623531342,0.053962357342243195,0.04169337451457977,0.054462882379690804,[[0.32431377]],[[0.25057718]],[[0.32732192]],20.785388231277466
49,1,0.0,relu,14,20,32,4,1,25,0.1566040962934494,0.1805942803621292,0.03941055821875731,0.02672683944304784,0.04013131558895111,[[0.23685745]],[[0.16062831]],[[0.24118921]],16.838214635849
50,1,0.0,relu,14,20,32,4,2,25,0.17452718317508698,0.19981233775615692,0.04419160634279251,0.03176261050005754,0.04491977393627167,[[0.26559155]],[[0.19089329]],[[0.26996784]],16.99848699569702
51,1,0.0,relu,14,20,32,5,1,25,0.19200505316257477,0.21759213507175446,0.0411491667230924,0.029005434984962147,0.0418388694524765,[[0.24730649]],[[0.17432266]],[[0.25145161]],15.53830099105835
52,1,0.0,relu,14,20,32,5,2,25,0.17975306510925293,0.20537041127681732,0.04180451792975267,0.029467421273390453,0.042596038430929184,[[0.25124515]],[[0.1770992]],[[0.25600219]],16.426908254623413
53,1,0.0,relu,14,20,32,6,1,25,0.16494034230709076,0.18845383822917938,0.0384090735266606,0.025954675550262134,0.03918372715512911,[[0.23083853]],[[0.1559876]],[[0.2354942]],16.182976722717285
54,1,0.0,relu,14,20,32,6,2,25,0.18813176453113556,0.213553324341774,0.044399858762820564,0.03202049185832342,0.04517114410797755,[[0.26684315]],[[0.19244316]],[[0.27147858]],14.995384216308594
55,1,0.0,relu,14,20,64,4,1,25,0.16860254108905792,0.19443279504776,0.038862461845080055,0.026270604381958645,0.039615847170352936,[[0.2335634]],[[0.15788633]],[[0.23809124]],14.606886625289917
56,1,0.0,relu,14,20,64,4,2,25,0.1689162254333496,0.19333481788635254,0.044144727289676666,0.03183469052116076,0.04484796275695165,[[0.26530981]],[[0.19132649]],[[0.26953626]],16.703097343444824
57,1,0.0,relu,14,20,64,5,1,25,0.18520690500736237,0.20958536863327026,0.04132352272669474,0.02925872678558032,0.0420283650358518,[[0.24835437]],[[0.17584495]],[[0.25259047]],15.046921491622925
58,1,0.0,relu,14,20,64,5,2,25,0.16514118015766144,0.18930333852767944,0.0410236157476902,0.028626350685954094,0.04176007335384687,[[0.24655193]],[[0.17204437]],[[0.25097804]],14.125731229782104
59,1,0.0,relu,14,20,64,6,1,25,0.18730057775974274,0.21195615828037262,0.04108028610547384,0.02866750831405322,0.04180710266033808,[[0.24689252]],[[0.17229172]],[[0.25126069]],14.512863874435425
60,1,0.0,relu,14,20,64,6,2,25,0.18646161258220673,0.20935553312301636,0.04558468237519264,0.03317034927507242,0.046333259592453636,[[0.27396394]],[[0.1993538]],[[0.27846289]],16.27211022377014
61,1,0.0,relu,14,30,32,4,1,25,0.17625737190246582,0.20263975858688354,0.042524141569932304,0.030165566131472588,0.04316988339026769,[[0.25557009]],[[0.18129505]],[[0.259451]],14.311429738998413
62,1,0.0,relu,14,30,32,4,2,25,0.17004616558551788,0.19381384551525116,0.04393965502580007,0.03156831239660581,0.044573514411846794,[[0.26407733]],[[0.18972556]],[[0.26788682]],13.003188133239746
63,1,0.0,relu,14,30,32,5,1,25,0.20402748882770538,0.2288367748260498,0.04424536849061648,0.03223647487660249,0.045021275679270424,[[0.26591466]],[[0.19374121]],[[0.27057787]],13.376420974731445
64,1,0.0,relu,14,30,32,5,2,25,0.17217479646205902,0.19760121405124664,0.04022712384661039,0.028048360720276833,0.04096047580242157,[[0.24176501]],[[0.16857065]],[[0.24617246]],13.282146215438843
65,1,0.0,relu,14,30,32,6,1,25,0.1980627179145813,0.22121159732341766,0.04343398412068685,0.03126787208020687,0.044199295341968536,[[0.26103824]],[[0.18791991]],[[0.26563777]],13.380459547042847
66,1,0.0,relu,14,30,32,6,2,25,0.16817443072795868,0.19240252673625946,0.041658310840527214,0.02934042178094387,0.04237882420420647,[[0.25036645]],[[0.17633593]],[[0.25469673]],13.618867874145508
67,1,0.0,relu,14,30,64,4,1,25,0.16664005815982819,0.19393110275268555,0.03863075685997804,0.025915699700514477,0.039441872388124466,[[0.23217085]],[[0.15575336]],[[0.23704565]],12.532981157302856
68,1,0.0,relu,14,30,64,4,2,25,0.18501390516757965,0.20903204381465912,0.04448722178737322,0.031831568107008934,0.04517835254470507,[[0.2673682]],[[0.19130772]],[[0.2715219]],13.172775745391846
69,1,0.0,relu,14,30,64,5,1,25,0.18089276552200317,0.20403073728084564,0.042029209434986115,0.029777814944585163,0.04273109013835589,[[0.25259555]],[[0.17896467]],[[0.25681385]],12.731929779052734
70,1,0.0,relu,14,30,64,5,2,25,0.1839911788702011,0.20761387050151825,0.0430485891799132,0.03097828725973765,0.04366519923011462,[[0.25872202]],[[0.18617951]],[[0.26242785]],13.363039016723633
71,1,0.0,relu,14,30,64,6,1,25,0.16993872821331024,0.19360919296741486,0.04024805873632431,0.02795182044307391,0.04102275023857752,[[0.24189083]],[[0.16799044]],[[0.24654673]],13.721046209335327
72,1,0.0,relu,14,30,64,6,2,25,0.17867720127105713,0.20258890092372894,0.04417645807067553,0.031960938746730484,0.0448414646089077,[[0.26550051]],[[0.19208524]],[[0.2694972]],13.483932733535767
73,1,0.0,relu,21,10,32,4,1,25,0.24837817251682281,0.2693951427936554,0.0551894928018252,0.04142890187601248,0.05487371856967608,[[0.33168885]],[[0.2489877]],[[0.32979105]],24.181288957595825
74,1,0.0,relu,21,10,32,4,2,25,0.1849260926246643,0.21089725196361542,0.048686922838290535,0.0344221405684948,0.048270437866449356,[[0.29260841]],[[0.20687706]],[[0.29010533]],21.10825800895691
75,1,0.0,relu,21,10,32,5,1,25,0.19383679330348969,0.21971076726913452,0.04775509238243103,0.03359104506671429,0.04735404749711355,[[0.28700811]],[[0.20188218]],[[0.28459783]],20.75856375694275
76,1,0.0,relu,21,10,32,5,2,25,0.1954401582479477,0.2215278148651123,0.050060562789440155,0.035624618331591286,0.04978268966078758,[[0.30086398]],[[0.21410396]],[[0.29919396]],24.240004301071167
77,1,0.0,relu,21,10,32,6,1,25,0.2419186383485794,0.26301109790802,0.0548037625849247,0.040922305236260094,0.05449832727511724,[[0.32937061]],[[0.24594305]],[[0.32753495]],20.372255086898804
78,1,0.0,relu,21,10,32,6,2,25,0.19056153297424316,0.2161850929260254,0.04964990417162577,0.03498460662861665,0.049305062741041183,[[0.29839592]],[[0.21025749]],[[0.29632343]],19.57876491546631
79,1,0.0,relu,21,10,64,4,1,25,0.23246091604232788,0.25627121329307556,0.05339117472370466,0.03946718697746595,0.053115288416544594,[[0.32088096]],[[0.23719779]],[[0.31922288]],26.093398094177246
80,1,0.0,relu,21,10,64,4,2,25,0.18762467801570892,0.21207313239574432,0.051788538694381714,0.03734118491411209,0.05119031916062037,[[0.31124912]],[[0.22442052]],[[0.30765382]],25.569201469421387
81,1,0.0,relu,21,10,64,5,1,25,0.22625963389873505,0.24857628345489502,0.058345433324575424,0.044641717026631035,0.05780686065554619,[[0.35065605]],[[0.26829672]],[[0.34741923]],23.911882638931274
82,1,0.0,relu,21,10,64,5,2,25,0.2707587778568268,0.2916634678840637,0.06578544154763222,0.05242077447474003,0.06547095254063606,[[0.3953705]],[[0.31504885]],[[0.39348042]],26.02212429046631
83,1,0.0,relu,21,10,64,6,1,25,0.199080228805542,0.22351546585559845,0.05623361716667811,0.04261657098929087,0.05563818415006002,[[0.33796404]],[[0.25612559]],[[0.33438549]],25.023225784301758
84,1,0.0,relu,21,10,64,6,2,25,0.20621390640735626,0.22977805137634277,0.05476741244395574,0.04079016794761022,0.05420555919408798,[[0.32915215]],[[0.24514891]],[[0.32577541]],21.452476978302002
85,1,0.0,relu,21,20,32,4,1,25,0.23393487930297852,0.25742682814598083,0.04815198853611946,0.03403097577393055,0.048061163475116096,[[0.28939345]],[[0.20452616]],[[0.28884759]],17.03863763809204
86,1,0.0,relu,21,20,32,4,2,25,0.1752626746892929,0.2015235275030136,0.046415490408738456,0.03192633017897606,0.04607481136918068,[[0.2789571]],[[0.19187724]],[[0.27690962]],16.522688388824463
87,1,0.0,relu,21,20,32,5,1,25,0.194133460521698,0.2207953929901123,0.042576733976602554,0.02821025438606739,0.042417640487353005,[[0.25588617]],[[0.16954363]],[[0.25493002]],16.535017728805542
88,1,0.0,relu,21,20,32,5,2,25,0.19120025634765625,0.2176743596792221,0.047057460993528366,0.032465691988666855,0.04685290281971296,[[0.28281534]],[[0.19511881]],[[0.28158595]],17.04000425338745
89,1,0.0,relu,21,20,32,6,1,25,0.20096521079540253,0.22461068630218506,0.04533383250236511,0.030643381799260776,0.04515111818909645,[[0.27245633]],[[0.18416672]],[[0.27135822]],14.798429489135742
90,1,0.0,relu,21,20,32,6,2,25,0.2412230521440506,0.26553621888160706,0.05270552635192871,0.03850294897953669,0.052671930442253746,[[0.31676021]],[[0.23140272]],[[0.3165583]],15.985772848129272
91,1,0.0,relu,21,20,64,4,1,25,0.2639698386192322,0.2875504195690155,0.057865011195341744,0.04561257114013036,0.057299837470054626,[[0.34776872]],[[0.27413155]],[[0.34437202]],14.223039627075195
92,1,0.0,relu,21,20,64,4,2,25,0.19566915929317474,0.22198759019374847,0.0454239584505558,0.030678872639934223,0.04528186097741127,[[0.27299799]],[[0.18438002]],[[0.27214398]],14.526850461959839
93,1,0.0,relu,21,20,64,5,1,25,0.21169012784957886,0.23282559216022491,0.049634953339894615,0.03532967219750086,0.04908344894647598,[[0.29830607]],[[0.21233133]],[[0.29499153]],16.85677480697632
94,1,0.0,relu,21,20,64,5,2,25,0.1929495483636856,0.21733693778514862,0.050024369110663734,0.035567366828521095,0.04958339656392733,[[0.30064646]],[[0.21375987]],[[0.29799621]],16.92499542236328
95,1,0.0,relu,21,20,64,6,1,25,0.2216341644525528,0.24523425102233887,0.04768220211068789,0.03345052463312944,0.047614154716332756,[[0.28657003]],[[0.20103765]],[[0.28616107]],14.763342380523682
96,1,0.0,relu,21,20,64,6,2,25,0.18417929112911224,0.2090630680322647,0.046123972783486046,0.031581069653232895,0.04575232913096746,[[0.27720508]],[[0.18980223]],[[0.2749715]],14.227632284164429
97,1,0.0,relu,21,30,32,4,1,25,0.18922336399555206,0.21335524320602417,0.045447381834189095,0.03126015452047189,0.04498817895849546,[[0.27313876]],[[0.18787353]],[[0.27037896]],12.544233560562134
98,1,0.0,relu,21,30,32,4,2,25,0.17646966874599457,0.2019314169883728,0.043463680893182755,0.029275141656398773,0.043163747837146126,[[0.26121672]],[[0.1759436]],[[0.25941412]],13.56925344467163
99,1,0.0,relu,21,30,32,5,1,25,0.2135782390832901,0.23749719560146332,0.04930252333482107,0.03541544576485952,0.04881099735697111,[[0.29630817]],[[0.21284683]],[[0.29335409]],14.165348291397095
100,1,0.0,relu,21,30,32,5,2,25,0.19596213102340698,0.21921306848526,0.047125544399023056,0.033864534770449005,0.04676903411746025,[[0.28322452]],[[0.20352585]],[[0.2810819]],13.289482116699219
101,1,0.0,relu,21,30,32,6,1,25,0.20903147757053375,0.23365823924541473,0.04637650648752848,0.03242121636867523,0.04597129548589388,[[0.2787228]],[[0.19485151]],[[0.27628749]],12.648235082626343
102,1,0.0,relu,21,30,32,6,2,25,0.18140101432800293,0.2063923329114914,0.04565029218792915,0.031845089669028916,0.045203011482954025,[[0.27435826]],[[0.19138899]],[[0.2716701]],12.326732158660889
103,1,0.0,relu,21,30,64,4,1,25,0.24079222977161407,0.2650374174118042,0.04960939288139343,0.03576357041796049,0.04950272043546041,[[0.29815245]],[[0.21493906]],[[0.29751135]],12.607189178466797
104,1,0.0,relu,21,30,64,4,2,25,0.20585060119628906,0.2305174618959427,0.049626617381970085,0.03539190317193667,0.049147150168816246,[[0.29825597]],[[0.21270534]],[[0.29537437]],13.895758628845215
105,1,0.0,relu,21,30,64,5,1,25,0.2078828364610672,0.23189087212085724,0.04754930113752683,0.03328055081268152,0.04714894046386083,[[0.2857713]],[[0.20001611]],[[0.28336513]],13.136879920959473
106,1,0.0,relu,21,30,64,5,2,25,0.1907598227262497,0.21571536362171173,0.04595370342334112,0.03176531940698624,0.04556511094172796,[[0.27618176]],[[0.19090957]],[[0.27384632]],12.353613138198853
107,1,0.0,relu,21,30,64,6,1,25,0.22622798383235931,0.24873201549053192,0.05087245379885038,0.03684206306934357,0.0503456840912501,[[0.30574345]],[[0.2214208]],[[0.30257756]],12.487381935119629
108,1,0.0,relu,21,30,64,6,2,25,0.19414158165454865,0.21833062171936035,0.04535691812634468,0.03138297547896703,0.045061991860469185,[[0.27259508]],[[0.18861168]],[[0.27082257]],12.905686616897583
109,1,0.0,tanh,7,10,32,4,1,25,0.15704397857189178,0.18020407855510712,0.03812038525938988,0.02589986597498258,0.03875970530013243,[[0.22910352]],[[0.15565819]],[[0.23294583]],25.268000841140747
110,1,0.0,tanh,7,10,32,4,2,25,0.15813098847866058,0.18262113630771637,0.03943124848107497,0.02723848633468151,0.04004291693369547,[[0.2369818]],[[0.1637033]],[[0.24065793]],24.384121417999268
111,1,0.0,tanh,7,10,32,5,1,25,0.15782739222049713,0.18140746653079987,0.038403550162911415,0.026324311271309853,0.03902817890048027,[[0.23080534]],[[0.15820911]],[[0.23455936]],20.337623834609985
112,1,0.0,tanh,7,10,32,5,2,25,0.1889428347349167,0.21400421857833862,0.04772482936580976,0.03558008931577206,0.04827388500173887,[[0.28682622]],[[0.21383634]],[[0.29012605]],26.449517726898193
113,1,0.0,tanh,7,10,32,6,1,25,0.1606435477733612,0.18500572443008423,0.038600812976559006,0.026573483521739643,0.03926489564279715,[[0.23199089]],[[0.15970664]],[[0.23598202]],20.686068534851074
114,1,0.0,tanh,7,10,32,6,2,25,0.15747703611850739,0.1824702024459839,0.039435263723134995,0.027330982809265453,0.04003622755408287,[[0.23700593]],[[0.16425921]],[[0.24061773]],24.4600088596344
115,1,0.0,tanh,7,10,64,4,1,25,0.1586453914642334,0.18237625062465668,0.03820335119962692,0.025993420432011288,0.0388425812125206,[[0.22960214]],[[0.15622046]],[[0.23344391]],19.135897874832153
116,1,0.0,tanh,7,10,64,4,2,25,0.1615535467863083,0.18516628444194794,0.03937317865590254,0.02725452184677124,0.039966605603694916,[[0.2366328]],[[0.16379968]],[[0.2401993]],24.39167308807373
117,1,0.0,tanh,7,10,64,5,1,25,0.16490991413593292,0.18998205661773682,0.039498805378874145,0.027409280339876812,0.04014103611310323,[[0.23738782]],[[0.16472977]],[[0.24124763]],24.99183702468872
118,1,0.0,tanh,7,10,64,5,2,25,0.18942970037460327,0.21435995399951935,0.0479665162662665,0.035996309792002044,0.04852522537112236,[[0.28827876]],[[0.21633782]],[[0.2916366]],24.552292346954346
119,1,0.0,tanh,7,10,64,6,1,25,0.16483068466186523,0.18879418075084686,0.03969511886437734,0.02771602012217045,0.040319353342056274,[[0.23856766]],[[0.16657328]],[[0.24231931]],25.80646800994873
120,1,0.0,tanh,7,10,64,6,2,25,0.16510732471942902,0.18974383175373077,0.04094343011577924,0.02897384266058604,0.041546023140350975,[[0.24607001]],[[0.17413279]],[[0.2496916]],24.410775184631348
121,1,0.0,tanh,7,20,32,4,1,25,0.2174385040998459,0.24345798790454865,0.04568574329217275,0.03403209522366524,0.04630320146679878,[[0.27457132]],[[0.20453289]],[[0.27828224]],16.755931615829468
122,1,0.0,tanh,7,20,32,4,2,25,0.15309061110019684,0.18002690374851227,0.03869816785057386,0.026630951712528866,0.0392527108391126,[[0.23257599]],[[0.16005202]],[[0.23590879]],15.73605489730835
123,1,0.0,tanh,7,20,32,5,1,25,0.21277861297130585,0.23875243961811066,0.04611811414361,0.034451341877381005,0.04674652839700381,[[0.27716987]],[[0.20705256]],[[0.28094664]],15.119212627410889
124,1,0.0,tanh,7,20,32,5,2,25,0.15762732923030853,0.1817723512649536,0.04131447523832321,0.02893247703711192,0.04189381003379822,[[0.2483]],[[0.17388419]],[[0.2517818]],16.473148107528687
125,1,0.0,tanh,7,20,32,6,1,25,0.15729141235351562,0.18400542438030243,0.03755541269977888,0.02571844992538293,0.03815716318786144,[[0.22570803]],[[0.15456788]],[[0.22932455]],14.905054807662964
126,1,0.0,tanh,7,20,32,6,2,25,0.14808930456638336,0.17355883121490479,0.03826913796365261,0.025949591770768166,0.03886295109987259,[[0.22999752]],[[0.15595705]],[[0.23356634]],17.192365646362305
127,1,0.0,tanh,7,20,64,4,1,25,0.1622662991285324,0.18752829730510712,0.03913602915902933,0.027073971306284268,0.0398028821994861,[[0.23520754]],[[0.16271457]],[[0.23921532]],14.935466766357422
128,1,0.0,tanh,7,20,64,4,2,25,0.2048042267560959,0.23058640956878662,0.04648236930370331,0.034865367536743484,0.04710798462231954,[[0.27935904]],[[0.20954086]],[[0.28311899]],17.00727653503418
129,1,0.0,tanh,7,20,64,5,1,25,0.22547538578510284,0.2501666247844696,0.04603112985690435,0.034511384864648185,0.04656377310554186,[[0.27664709]],[[0.20741342]],[[0.27984828]],14.44241213798523
130,1,0.0,tanh,7,20,64,5,2,25,0.16397809982299805,0.18780721724033356,0.04217412446935972,0.030443380276362102,0.04266663392384847,[[0.25346649]],[[0.18296472]],[[0.25642647]],15.275573253631592
131,1,0.0,tanh,7,20,64,6,1,25,0.19334177672863007,0.21991021931171417,0.04500420515735944,0.03327844416101774,0.04568156537910303,[[0.27047527]],[[0.20000345]],[[0.27454621]],16.992160320281982
132,1,0.0,tanh,7,20,64,6,2,25,0.1484956294298172,0.1746947318315506,0.03996381163597107,0.02809465490281582,0.04050597672661146,[[0.24018251]],[[0.16884888]],[[0.24344092]],17.486610889434814
133,1,0.0,tanh,7,30,32,4,1,25,0.17125381529331207,0.19119425117969513,0.0419658658405145,0.030576761191089947,0.042457081377506256,[[0.25221485]],[[0.18376633]],[[0.25516706]],13.659467458724976
134,1,0.0,tanh,7,30,32,4,2,25,0.16077184677124023,0.18279315531253815,0.03959621240695318,0.026808709527055424,0.0402752049267292,[[0.23797324]],[[0.16112034]],[[0.24205398]],12.334332466125488
135,1,0.0,tanh,7,30,32,5,1,25,0.19488191604614258,0.2161136120557785,0.04232195640603701,0.029967525973916054,0.042972125113010406,[[0.25435496]],[[0.18010483]],[[0.25826247]],12.64950680732727
136,1,0.0,tanh,7,30,32,5,2,25,0.16527928411960602,0.1892717331647873,0.041925628980000816,0.029009961833556492,0.04261453946431478,[[0.25197303]],[[0.17434987]],[[0.25611338]],12.343528032302856
137,1,0.0,tanh,7,30,32,6,1,25,0.16496089100837708,0.1877448409795761,0.038078175857663155,0.02558565263946851,0.03878553584218025,[[0.22884984]],[[0.15376977]],[[0.23310107]],13.57322359085083
138,1,0.0,tanh,7,30,32,6,2,25,0.16183021664619446,0.18422426283359528,0.039084664856394134,0.0263323908050855,0.03976976498961449,[[0.23489884]],[[0.15825767]],[[0.23901629]],13.523493528366089
139,1,0.0,tanh,7,30,64,4,1,25,0.16364766657352448,0.18801945447921753,0.0383516742537419,0.02670266603430112,0.03893092895547549,[[0.23049356]],[[0.16048302]],[[0.23397488]],12.737277507781982
140,1,0.0,tanh,7,30,64,4,2,25,0.18737423419952393,0.20767419040203094,0.044584895173708596,0.03317469668885072,0.04500307639439901,[[0.26795522]],[[0.19937993]],[[0.27046849]],13.842599868774414
141,1,0.0,tanh,7,30,64,5,1,25,0.2265523225069046,0.24722075462341309,0.048359899471203484,0.03756383123497168,0.04871765275796255,[[0.290643]],[[0.22575863]],[[0.29279309]],13.660134315490723
142,1,0.0,tanh,7,30,64,5,2,25,0.17062203586101532,0.1946229189634323,0.04251932849486669,0.029657345886031788,0.04321592797835668,[[0.25554116]],[[0.17824065]],[[0.25972773]],13.837544679641724
143,1,0.0,tanh,7,30,64,6,1,25,0.19185477495193481,0.21306590735912323,0.04484685758749644,0.033633541936675705,0.045276099195082985,[[0.26952961]],[[0.20213759]],[[0.27210936]],13.46862244606018
144,1,0.0,tanh,7,30,64,6,2,25,0.1708827018737793,0.19366450607776642,0.040424104779958725,0.027712032198905945,0.04112149402499199,[[0.24294887]],[[0.16654931]],[[0.24714018]],13.41081428527832
145,1,0.0,tanh,14,10,32,4,1,25,0.16961370408535004,0.1939699500799179,0.04134609984854857,0.029814635093013447,0.042110053822398186,[[0.24849006]],[[0.17918596]],[[0.25308142]],24.27216410636902
146,1,0.0,tanh,14,10,32,4,2,25,0.1997864842414856,0.22495673596858978,0.04945982123414675,0.037549739703536034,0.0500637541214625,[[0.29725353]],[[0.22567394]],[[0.30088316]],20.155505418777466
147,1,0.0,tanh,14,10,32,5,1,25,0.18520475924015045,0.21029013395309448,0.04366877054174741,0.03234511738022169,0.044337292512257896,[[0.26244931]],[[0.19439416]],[[0.26646713]],24.487785816192627
148,1,0.0,tanh,14,10,32,5,2,25,0.17965345084667206,0.20651091635227203,0.043338303764661155,0.03186813183128834,0.04401163632671038,[[0.26046321]],[[0.19152747]],[[0.26450993]],24.006611108779907
149,1,0.0,tanh,14,10,32,6,1,25,0.18693029880523682,0.21214306354522705,0.04337832083304723,0.03206870953241984,0.044028343011935554,[[0.26070371]],[[0.19273294]],[[0.26461034]],24.891822338104248
150,1,0.0,tanh,14,10,32,6,2,25,0.21508073806762695,0.24055181443691254,0.051076240837574005,0.039260899648070335,0.051630073537429176,[[0.30696821]],[[0.23595801]],[[0.31029674]],24.824849605560303
151,1,0.0,tanh,14,10,64,4,1,25,0.20017015933990479,0.22416691482067108,0.04123488441109657,0.02926384036739667,0.042018343384067215,[[0.24782166]],[[0.17587568]],[[0.25253024]],24.955862760543823
152,1,0.0,tanh,14,10,64,4,2,25,0.17561863362789154,0.20252178609371185,0.048121570299069084,0.03599586461981138,0.048824100444714226,[[0.28921064]],[[0.21633515]],[[0.29343284]],25.301351308822632
153,1,0.0,tanh,14,10,64,5,1,25,0.194226935505867,0.2203291654586792,0.03943770254651705,0.02774982713162899,0.04024332016706467,[[0.23702059]],[[0.16677646]],[[0.24186235]],25.013963222503662
154,1,0.0,tanh,14,10,64,5,2,25,0.18607698380947113,0.2120238095521927,0.04537022486329079,0.034196137761076294,0.0459413987894853,[[0.27267505]],[[0.20551879]],[[0.27610781]],20.438373804092407
155,1,0.0,tanh,14,10,64,6,1,25,0.20037125051021576,0.22424393892288208,0.041583734254042305,0.02971225107709567,0.042310395588477455,[[0.24991824]],[[0.17857063]],[[0.25428548]],25.101487398147583
156,1,0.0,tanh,14,10,64,6,2,25,0.18616348505020142,0.21204151213169098,0.04975129539767901,0.0377958652873834,0.05036894356211027,[[0.29900529]],[[0.22715315]],[[0.30271735]],19.95958137512207
157,1,0.0,tanh,14,20,32,4,1,25,0.19748403131961823,0.22241050004959106,0.043131678054730095,0.03144970039526621,0.04384724423289299,[[0.25922139]],[[0.1890127]],[[0.26352194]],16.006311893463135
158,1,0.0,tanh,14,20,32,4,2,25,0.2003406286239624,0.22484175860881805,0.046200379729270935,0.03407256553570429,0.0469245637456576,[[0.27766428]],[[0.20477612]],[[0.28201663]],14.581810474395752
159,1,0.0,tanh,14,20,32,5,1,25,0.20890288054943085,0.23349875211715698,0.04408695797125498,0.0323820635676384,0.04478164638082186,[[0.26496262]],[[0.1946162]],[[0.26913769]],16.039592027664185
160,1,0.0,tanh,14,20,32,5,2,25,0.19875633716583252,0.2259582281112671,0.04405394693215688,0.032293545082211494,0.04476956153909365,[[0.26476422]],[[0.19408421]],[[0.26906506]],16.94319438934326
161,1,0.0,tanh,14,20,32,6,1,25,0.1773684024810791,0.20300452411174774,0.040938674161831536,0.029007062936822575,0.041751341273387275,[[0.24604143]],[[0.17433245]],[[0.25092556]],16.824791193008423
162,1,0.0,tanh,14,20,32,6,2,25,0.19857998192310333,0.22259151935577393,0.04627002030611038,0.034211878354350723,0.04694312562545141,[[0.27808282]],[[0.20561339]],[[0.28212819]],16.416781902313232
163,1,0.0,tanh,14,20,64,4,1,25,0.17511379718780518,0.1992950588464737,0.03864374880989393,0.026629946505029995,0.039455038805802665,[[0.23224893]],[[0.16004598]],[[0.23712478]],14.468275785446167
164,1,0.0,tanh,14,20,64,4,2,25,0.18070507049560547,0.20742912590503693,0.045701175928115845,0.03339004392425219,0.04649913559357325,[[0.27466407]],[[0.20067416]],[[0.2794598]],14.817135572433472
165,1,0.0,tanh,14,20,64,5,1,25,0.17065858840942383,0.19524292647838593,0.03811722248792648,0.026053232451279957,0.038932989041010536,[[0.22908451]],[[0.15657993]],[[0.23398726]],14.522911071777344
166,1,0.0,tanh,14,20,64,5,2,25,0.18999581038951874,0.21619796752929688,0.04253475616375605,0.030769366770982742,0.04325577368338903,[[0.25563388]],[[0.18492389]],[[0.2599672]],15.829304695129395
167,1,0.0,tanh,14,20,64,6,1,25,0.17305070161819458,0.1975875347852707,0.0384497611473004,0.026395009830594063,0.039258298774560295,[[0.23108306]],[[0.15863401]],[[0.23594238]],16.450392246246338
168,1,0.0,tanh,14,20,64,6,2,25,0.19340215623378754,0.21857397258281708,0.04652869204680125,0.034253327175974846,0.0472582479317983,[[0.27963744]],[[0.2058625]],[[0.28402207]],15.07854151725769
169,1,0.0,tanh,14,30,32,4,1,25,0.17317895591259003,0.19524763524532318,0.04061046242713928,0.02834199120601018,0.04141208529472351,[[0.24406888]],[[0.17033537]],[[0.24888663]],12.766282558441162
170,1,0.0,tanh,14,30,32,4,2,25,0.17673587799072266,0.2002098113298416,0.04273484647274017,0.030563737576206524,0.04339872548977534,[[0.25683643]],[[0.18368806]],[[0.26082634]],13.229223012924194
171,1,0.0,tanh,14,30,32,5,1,25,0.19237132370471954,0.215589702129364,0.04471238081653913,0.033166379357377686,0.04542160779237747,[[0.26872141]],[[0.19932994]],[[0.27298386]],13.77391791343689
172,1,0.0,tanh,14,30,32,5,2,25,0.17608703672885895,0.20022428035736084,0.04034425690770149,0.028468628103534382,0.041035689413547516,[[0.24246898]],[[0.17109645]],[[0.24662449]],13.017125129699707
173,1,0.0,tanh,14,30,32,6,1,25,0.1901630312204361,0.2130081057548523,0.044765821968515716,0.03349476866424084,0.045469529926776886,[[0.26904259]],[[0.20130356]],[[0.27327187]],12.306784391403198
174,1,0.0,tanh,14,30,32,6,2,25,0.1529291421175003,0.1792895346879959,0.04048514738678932,0.028005485112468403,0.04116454099615415,[[0.24331574]],[[0.16831297]],[[0.24739889]],12.947508811950684
175,1,0.0,tanh,14,30,64,4,1,25,0.20249956846237183,0.22708523273468018,0.04112229372064272,0.029075969631473225,0.04179960861802101,[[0.24714499]],[[0.17474658]],[[0.25121565]],13.061595916748047
176,1,0.0,tanh,14,30,64,4,2,25,0.20929312705993652,0.2327653169631958,0.049535577495892845,0.03705909661948681,0.0503295361995697,[[0.29770882]],[[0.22272517]],[[0.30248051]],13.066117763519287
177,1,0.0,tanh,14,30,64,5,1,25,0.16925740242004395,0.19547395408153534,0.03867680331071218,0.02673671953380108,0.03942852467298508,[[0.23244759]],[[0.16068768]],[[0.23696543]],12.578620672225952
178,1,0.0,tanh,14,30,64,5,2,25,0.1967596858739853,0.2181156873703003,0.04347245519359907,0.031325897201895714,0.04423713187376658,[[0.26126946]],[[0.18826864]],[[0.26586516]],13.060359001159668
179,1,0.0,tanh,14,30,64,6,1,25,0.15621991455554962,0.18255168199539185,0.03765976491073767,0.02548098750412464,0.03845843921105067,[[0.22633519]],[[0.15314073]],[[0.23113522]],13.019781589508057
180,1,0.0,tanh,14,30,64,6,2,25,0.16962385177612305,0.19303135573863983,0.044316583623488746,0.03254453589518865,0.04490156223376592,[[0.26634267]],[[0.19559266]],[[0.26985839]],12.93406867980957
181,1,0.0,tanh,21,10,32,4,1,25,0.1970287412405014,0.21824991703033447,0.04745614777008692,0.03391008824110031,0.04693190132578214,[[0.28521145]],[[0.20379963]],[[0.28206073]],25.508711338043213
182,1,0.0,tanh,21,10,32,4,2,25,0.17070789635181427,0.19794748723506927,0.04473695593575636,0.030652113258838654,0.04435389178494612,[[0.26886911]],[[0.1842192]],[[0.26656689]],25.57299256324768
183,1,0.0,tanh,21,10,32,5,1,25,0.17525207996368408,0.20027343928813934,0.043880170211195946,0.030068931480248768,0.04347622146209081,[[0.26371982]],[[0.18071428]],[[0.26129209]],21.112788915634155
184,1,0.0,tanh,21,10,32,5,2,25,0.2295234650373459,0.25367972254753113,0.054394895831743874,0.04056978101531664,0.054132806758085884,[[0.32691332]],[[0.24382438]],[[0.32533817]],19.680185079574585
185,1,0.0,tanh,21,10,32,6,1,25,0.19211256504058838,0.21419870853424072,0.04753981033960978,0.033864228054881096,0.047008475909630455,[[0.28571426]],[[0.20352401]],[[0.28252094]],24.988662242889404
186,1,0.0,tanh,21,10,32,6,2,25,0.17421500384807587,0.20018155872821808,0.04607953752080599,0.03221696987748146,0.045646525298555694,[[0.27693802]],[[0.19362399]],[[0.27433562]],25.307106256484985
187,1,0.0,tanh,21,10,64,4,1,25,0.2090587168931961,0.23186124861240387,0.04465663557251295,0.03105327362815539,0.044277949879566826,[[0.26838638]],[[0.18663017]],[[0.26611048]],24.35973858833313
188,1,0.0,tanh,21,10,64,4,2,25,0.18676893413066864,0.20910422503948212,0.046515739833315216,0.032621526469786964,0.046031475688020386,[[0.2795596]],[[0.19605537]],[[0.27664917]],20.125605583190918
189,1,0.0,tanh,21,10,64,5,1,25,0.19057142734527588,0.21521683037281036,0.04350224696099758,0.02965318039059639,0.043151119723916054,[[0.2614485]],[[0.17821561]],[[0.25933823]],25.18464994430542
190,1,0.0,tanh,21,10,64,5,2,25,0.19063706696033478,0.21586108207702637,0.05127165466547012,0.036932567755381264,0.050735032806793846,[[0.30814264]],[[0.22196473]],[[0.30491755]],20.993929862976074
191,1,0.0,tanh,21,10,64,6,1,25,0.19833756983280182,0.22219149768352509,0.04294248856604099,0.029093976443012554,0.04267370328307152,[[0.25808436]],[[0.1748548]],[[0.25646896]],24.52892518043518
192,1,0.0,tanh,21,10,64,6,2,25,0.18916301429271698,0.21305294334888458,0.04772908488909403,0.03393635774652163,0.04721456952393055,[[0.2868518]],[[0.20395751]],[[0.28375956]],24.886396169662476
193,1,0.0,tanh,21,20,32,4,1,25,0.18679557740688324,0.2107805460691452,0.042330559343099594,0.0283881314098835,0.04198172315955162,[[0.25440666]],[[0.17061267]],[[0.25231016]],15.226423025131226
194,1,0.0,tanh,21,20,32,4,2,25,0.1852596551179886,0.20966768264770508,0.04730851575732231,0.03375206080575784,0.04695092514157295,[[0.28432418]],[[0.20284989]],[[0.28217506]],16.806365966796875
195,1,0.0,tanh,21,20,32,5,1,25,0.24872879683971405,0.27150240540504456,0.049119990319013596,0.03547661751508713,0.049021357049544655,[[0.29521114]],[[0.21321447]],[[0.29461836]],14.828019857406616
196,1,0.0,tanh,21,20,32,5,2,25,0.2107640504837036,0.2366235852241516,0.0505912701288859,0.03649393220742544,0.05038917809724808,[[0.30405353]],[[0.21932853]],[[0.30283896]],15.926190614700317
197,1,0.0,tanh,21,20,32,6,1,25,0.1897418051958084,0.21420542895793915,0.04235666493574778,0.028319756189982098,0.04201081643501917,[[0.25456356]],[[0.17020173]],[[0.25248501]],14.408820629119873
198,1,0.0,tanh,21,20,32,6,2,25,0.1712905615568161,0.1971295326948166,0.042374919479091964,0.02822044864296913,0.04210406355559826,[[0.25467327]],[[0.1696049]],[[0.25304542]],14.840808153152466
199,1,0.0,tanh,21,20,64,4,1,25,0.22136010229587555,0.2486933320760727,0.044213831424713135,0.03032607523103555,0.04417359580596288,[[0.26572513]],[[0.18225971]],[[0.26548331]],14.143251657485962
200,1,0.0,tanh,21,20,64,4,2,25,0.24615426361560822,0.2701019048690796,0.04849188153942426,0.03471692527333895,0.04845372339089712,[[0.29143621]],[[0.20864872]],[[0.29120688]],14.047882795333862
201,1,0.0,tanh,21,20,64,5,1,25,0.23304371535778046,0.2585775554180145,0.04994192346930504,0.03757101980348428,0.049533636619647346,[[0.30015096]],[[0.22580183]],[[0.29769716]],16.55414319038391
202,1,0.0,tanh,21,20,64,5,2,25,0.19469380378723145,0.2198314517736435,0.047571765879789986,0.033110146721204124,0.047063821305831276,[[0.28590631]],[[0.19899198]],[[0.28285357]],16.726282119750977
203,1,0.0,tanh,21,20,64,6,1,25,0.18775124847888947,0.21209318935871124,0.0419045127928257,0.027911349510153134,0.041595873733361564,[[0.25184612]],[[0.16774721]],[[0.2499912]],16.729694843292236
204,1,0.0,tanh,21,20,64,6,2,25,0.21686027944087982,0.24416249990463257,0.04476140936215719,0.030923527975877125,0.04471264407038689,[[0.26901607]],[[0.1858504]],[[0.26872299]],16.496614694595337
205,1,0.0,tanh,21,30,32,4,1,25,0.2303265482187271,0.254407674074173,0.05109580730398496,0.03765065222978592,0.050616671641667686,[[0.3070858]],[[0.22628042]],[[0.3042062]],12.659447431564331
206,1,0.0,tanh,21,30,32,4,2,25,0.18958793580532074,0.21561791002750397,0.045968146373828254,0.03294839027027289,0.0456806036333243,[[0.27626856]],[[0.19801983]],[[0.27454043]],12.995651483535767
207,1,0.0,tanh,21,30,32,5,1,25,0.22504030168056488,0.2498428076505661,0.05250615874926249,0.039474169413248696,0.05200291300813357,[[0.31556201]],[[0.23723976]],[[0.31253751]],14.261368036270142
208,1,0.0,tanh,21,30,32,5,2,25,0.22133243083953857,0.24602417647838593,0.05166365702946981,0.038672843327124916,0.051112464318672814,[[0.31049858]],[[0.23242379]],[[0.30718591]],12.592860460281372
209,1,0.0,tanh,21,30,32,6,1,25,0.19744873046875,0.22010298073291779,0.04554091456035773,0.03172780014574528,0.045195609952012696,[[0.2737009]],[[0.19068408]],[[0.27162562]],14.138657331466675
210,1,0.0,tanh,21,30,32,6,2,25,0.18818242847919464,0.21364980936050415,0.04763592407107353,0.033438617984453835,0.04727321366469065,[[0.2862919]],[[0.20096609]],[[0.28411201]],12.900508642196655
211,1,0.0,tanh,21,30,64,4,1,25,0.257539302110672,0.2832086980342865,0.05103835090994835,0.03793093624214331,0.05067281176646551,[[0.30674049]],[[0.22796493]],[[0.3045436]],12.650463819503784
212,1,0.0,tanh,21,30,64,4,2,25,0.2065057009458542,0.2304956316947937,0.047624905283252396,0.03365748313566049,0.04727291067441305,[[0.28622568]],[[0.20228147]],[[0.28411019]],12.432655334472656
213,1,0.0,tanh,21,30,64,5,1,25,0.22019599378108978,0.24738454818725586,0.04554815714557966,0.03162991007169088,0.0454816905160745,[[0.27374442]],[[0.19009576]],[[0.27334496]],12.608359098434448
214,1,0.0,tanh,21,30,64,5,2,25,0.1976124793291092,0.2200871706008911,0.052016242096821465,0.03826881696780523,0.05144826819499334,[[0.31261762]],[[0.22999559]],[[0.30920409]],13.346081256866455
215,1,0.0,tanh,21,30,64,6,1,25,0.21831321716308594,0.24492649734020233,0.049675257255633674,0.036349156871438026,0.049479552855094276,[[0.2985483]],[[0.21845843]],[[0.29737211]],13.905197143554688
216,1,0.0,tanh,21,30,64,6,2,25,0.20294570922851562,0.2301315814256668,0.0478668138384819,0.03386359785993894,0.04742804914712906,[[0.28767955]],[[0.20352022]],[[0.28504258]],12.955992221832275
217,1,0.5,relu,7,10,32,4,1,25,0.19644983112812042,0.2209041267633438,0.046149185548226036,0.03460866461197535,0.04650335138042768,[[0.27735661]],[[0.20799807]],[[0.27948514]],19.36555814743042
218,1,0.5,relu,7,10,32,4,2,25,0.19828282296657562,0.22232134640216827,0.04705260073145231,0.03558669425547123,0.04741444687048594,[[0.28278613]],[[0.21387603]],[[0.28496083]],19.922184705734253
219,1,0.5,relu,7,10,32,5,1,25,0.20800119638442993,0.23257845640182495,0.048296148578325905,0.03683376374344031,0.04859353850285212,[[0.29025985]],[[0.22137092]],[[0.29204717]],25.23911428451538
220,1,0.5,relu,7,10,32,5,2,25,0.19694846868515015,0.22111375629901886,0.049381356686353683,0.03783641569316387,0.04964045683542887,[[0.29678195]],[[0.22739686]],[[0.29833915]],20.382654905319214
221,1,0.5,relu,7,10,32,6,1,25,0.20819777250289917,0.23206894099712372,0.04763289416829745,0.036209817975759506,0.047937531024217606,[[0.28627369]],[[0.21762101]],[[0.28810456]],26.081678867340088
222,1,0.5,relu,7,10,32,6,2,25,0.20881064236164093,0.23267610371112823,0.048803663502136864,0.03759033108750979,0.049091765036185585,[[0.29331002]],[[0.22591789]],[[0.29504151]],24.77446150779724
223,1,0.5,relu,7,10,64,4,1,25,0.17277567088603973,0.19739578664302826,0.044273884346087776,0.03236767090857029,0.04461511100331942,[[0.26608604]],[[0.1945297]],[[0.26813682]],24.530189514160156
224,1,0.5,relu,7,10,64,4,2,25,0.17571598291397095,0.1991136074066162,0.04585224762558937,0.03437219808499018,0.04614618172248205,[[0.27557201]],[[0.20657691]],[[0.27733855]],22.013267040252686
225,1,0.5,relu,7,10,64,5,1,25,0.17569184303283691,0.19994811713695526,0.04487082486351331,0.03329257108271122,0.04516442120075226,[[0.26967366]],[[0.20008835]],[[0.27143817]],24.60860538482666
226,1,0.5,relu,7,10,64,5,2,25,0.17304547131061554,0.19748394191265106,0.04885667065779368,0.03789487356940905,0.04897218197584152,[[0.29362859]],[[0.22774819]],[[0.29432281]],24.608771324157715
227,1,0.5,relu,7,10,64,6,1,25,0.16408289968967438,0.1890202760696411,0.0504801943898201,0.03906713426113129,0.050813122342030205,[[0.30338597]],[[0.23479348]],[[0.30538687]],24.470921993255615
228,1,0.5,relu,7,10,64,6,2,25,0.16261036694049835,0.18729858100414276,0.046749040484428406,0.035651676977674164,0.04695816213885943,[[0.28096173]],[[0.21426658]],[[0.28221855]],24.909459114074707
229,1,0.5,relu,7,20,32,4,1,25,0.16305990517139435,0.18575476109981537,0.04088109110792478,0.028515590975681942,0.04144366830587387,[[0.24569536]],[[0.1713787]],[[0.24907645]],15.120539426803589
230,1,0.5,relu,7,20,32,4,2,25,0.1683407425880432,0.18986564874649048,0.04272529482841492,0.030368682617942493,0.0432915985584259,[[0.25677902]],[[0.18251578]],[[0.26018251]],14.682563304901123
231,1,0.5,relu,7,20,32,5,1,25,0.17720739543437958,0.19868700206279755,0.04239293560385704,0.030062982191642124,0.04292533298333486,[[0.25478154]],[[0.18067852]],[[0.25798125]],17.189316034317017
232,1,0.5,relu,7,20,32,5,2,25,0.1852702498435974,0.20631833374500275,0.045501879105965294,0.03307143536706766,0.046042609959840775,[[0.27346629]],[[0.19875933]],[[0.27671609]],17.89209008216858
233,1,0.5,relu,7,20,32,6,1,25,0.18057818710803986,0.20284265279769897,0.04217879846692085,0.029847742368777592,0.04272399842739105,[[0.25349458]],[[0.17938493]],[[0.25677123]],17.14014434814453
234,1,0.5,relu,7,20,32,6,2,25,0.18155699968338013,0.202723428606987,0.043537408113479614,0.031224690998593967,0.044081571201483406,[[0.26165982]],[[0.18766039]],[[0.26493024]],17.36298680305481
235,1,0.5,relu,7,20,64,4,1,25,0.20074112713336945,0.22497998178005219,0.04504793261488279,0.03337109461426735,0.04551536589860916,[[0.27073808]],[[0.20056028]],[[0.27354735]],15.063191175460815
236,1,0.5,relu,7,20,64,4,2,25,0.1666339486837387,0.19165897369384766,0.042411415527264275,0.02988385781645775,0.042989746977885566,[[0.25489261]],[[0.17960199]],[[0.25836838]],15.2056405544281
237,1,0.5,relu,7,20,64,5,1,25,0.15857140719890594,0.1854543834924698,0.040923782934745155,0.028771148373683293,0.04144178951780001,[[0.24595194]],[[0.1729146]],[[0.24906516]],15.332762479782104
238,1,0.5,relu,7,20,64,5,2,25,0.1808563470840454,0.20460665225982666,0.04672871405879656,0.034170021613438926,0.04727616409460703,[[0.28083957]],[[0.20536183]],[[0.28412975]],14.548436164855957
239,1,0.5,relu,7,20,64,6,1,25,0.17156322300434113,0.19623196125030518,0.04259751861294111,0.03124283254146576,0.043003505716721215,[[0.25601109]],[[0.18776942]],[[0.25845107]],14.890953540802002
240,1,0.5,relu,7,20,64,6,2,25,0.1810668706893921,0.20533643662929535,0.042208669086297355,0.030161229893565178,0.042768437415361404,[[0.2536741]],[[0.18126899]],[[0.25703831]],17.710160970687866
241,1,0.5,relu,7,30,32,4,1,25,0.15253371000289917,0.17645634710788727,0.04044960315028826,0.028474949300289154,0.04093453039725622,[[0.24310211]],[[0.17113445]],[[0.24601653]],13.456930160522461
242,1,0.5,relu,7,30,32,4,2,25,0.18525099754333496,0.20902569591999054,0.04704089959462484,0.03536223123470942,0.047419426341851555,[[0.28271581]],[[0.21252701]],[[0.28499075]],14.266271829605103
243,1,0.5,relu,7,30,32,5,1,25,0.1567625254392624,0.18018724024295807,0.041012456019719444,0.029136111959815025,0.04148353015383085,[[0.24648486]],[[0.17510803]],[[0.24931602]],12.882744312286377
244,1,0.5,relu,7,30,32,5,2,25,0.19636951386928558,0.22028708457946777,0.04895716533064842,0.03727661197384199,0.049357677499453224,[[0.29423256]],[[0.22403244]],[[0.29663964]],13.226546287536621
245,1,0.5,relu,7,30,32,6,1,25,0.17179174721240997,0.1950812190771103,0.04214497903982798,0.03066635752717654,0.04259926204880079,[[0.25329132]],[[0.18430481]],[[0.25602156]],14.061722040176392
246,1,0.5,relu,7,30,32,6,2,25,0.19922299683094025,0.22343836724758148,0.04767129197716713,0.036299324283997216,0.048077795654535294,[[0.28650446]],[[0.21815894]],[[0.28894755]],12.801052808761597
247,1,0.5,relu,7,30,64,4,1,25,0.15035824477672577,0.17768476903438568,0.03871781503160795,0.02589403527478377,0.03937046850721041,[[0.23269407]],[[0.15562315]],[[0.23661652]],13.656983852386475
248,1,0.5,relu,7,30,64,4,2,25,0.1666399985551834,0.1921301633119583,0.04079769179224968,0.02811543643474579,0.04140904421607653,[[0.24519413]],[[0.16897377]],[[0.24886836]],13.825331687927246
249,1,0.5,relu,7,30,64,5,1,25,0.1569630652666092,0.18376559019088745,0.03891022441287836,0.02636895328760147,0.03954693550864855,[[0.23385045]],[[0.15847741]],[[0.23767708]],13.056483030319214
250,1,0.5,relu,7,30,64,5,2,25,0.22244149446487427,0.24308441579341888,0.04699263349175453,0.03466664937635263,0.04761505872011185,[[0.28242573]],[[0.20834656]],[[0.2861665]],12.954201698303223
251,1,0.5,relu,7,30,64,6,1,25,0.16585935652256012,0.19145245850086212,0.03947347775101662,0.02704304705063502,0.04012527813514074,[[0.2372356]],[[0.16252871]],[[0.24115292]],12.632282733917236
252,1,0.5,relu,7,30,64,6,2,25,0.20018534362316132,0.22160057723522186,0.04227066164215406,0.030231696863969166,0.04288380593061447,[[0.25404668]],[[0.1816925]],[[0.25773167]],14.708999156951904
253,1,0.5,relu,14,10,32,4,1,25,0.1953650712966919,0.21989186108112335,0.04829005400339762,0.03647368339200815,0.04861351599295934,[[0.29022322]],[[0.21920684]],[[0.29216723]],20.799051761627197
254,1,0.5,relu,14,10,32,4,2,25,0.200545534491539,0.22347678244113922,0.049275519947210945,0.037857141345739365,0.0496059979001681,[[0.29614587]],[[0.22752142]],[[0.29813205]],19.49329900741577
255,1,0.5,relu,14,10,32,5,1,25,0.19974511861801147,0.22306735813617706,0.0480674480398496,0.03653448758025964,0.048402453462282814,[[0.28888536]],[[0.21957227]],[[0.29089875]],25.473079204559326
256,1,0.5,relu,14,10,32,5,2,25,0.20313215255737305,0.22618620097637177,0.04892778893311819,0.03751450590789318,0.0492405022184054,[[0.29405601]],[[0.22546218]],[[0.29593542]],20.602400302886963
257,1,0.5,relu,14,10,32,6,1,25,0.20141740143299103,0.22591666877269745,0.04888188714782397,0.0371843334287405,0.049209047108888626,[[0.29378014]],[[0.22347784]],[[0.29574637]],25.062689542770386
258,1,0.5,relu,14,10,32,6,2,25,0.20178039371967316,0.22447620332241058,0.050790889809528984,0.03949081897735596,0.05101835230986277,[[0.30525325]],[[0.23733982]],[[0.3066203]],25.281275272369385
259,1,0.5,relu,14,10,64,4,1,25,0.21716010570526123,0.23782651126384735,0.047476284205913544,0.03538734217484792,0.0479266420006752,[[0.28533247]],[[0.21267793]],[[0.28803912]],24.611348152160645
260,1,0.5,relu,14,10,64,4,2,25,0.21848712861537933,0.24052245914936066,0.05026032278935114,0.03877516835927963,0.05059211949507395,[[0.30206454]],[[0.23303876]],[[0.30405864]],24.218964099884033
261,1,0.5,relu,14,10,64,5,1,25,0.220957949757576,0.2424604445695877,0.048460746804873146,0.03678468552728494,0.04884792119264603,[[0.29124909]],[[0.22107596]],[[0.29357601]],20.454188346862793
262,1,0.5,relu,14,10,64,5,2,25,0.23070764541625977,0.2523065507411957,0.049212330331405006,0.03797089556852976,0.049606967717409134,[[0.29576611]],[[0.22820508]],[[0.29813788]],24.281495571136475
263,1,0.5,relu,14,10,64,6,1,25,0.220605731010437,0.24262313544750214,0.04924708356459936,0.03749926450351874,0.04960470522443453,[[0.29597497]],[[0.22537058]],[[0.29812428]],24.60688877105713
264,1,0.5,relu,14,10,64,6,2,25,0.21934425830841064,0.24117760360240936,0.050260212272405624,0.03868937864899635,0.050598798940579094,[[0.30206388]],[[0.23252317]],[[0.30409878]],24.288172245025635
265,1,0.5,relu,14,20,32,4,1,25,0.18618951737880707,0.21264638006687164,0.044605404138565063,0.03268522831300894,0.04515096669395765,[[0.26807848]],[[0.19643822]],[[0.27135731]],14.819356679916382
266,1,0.5,relu,14,20,32,4,2,25,0.16600726544857025,0.19170457124710083,0.04313141976793607,0.031125133857131004,0.04363843177755674,[[0.25921983]],[[0.18706205]],[[0.26226697]],15.283122777938843
267,1,0.5,relu,14,20,32,5,1,25,0.17158134281635284,0.19641828536987305,0.042843823631604515,0.03150128200650215,0.04334155097603798,[[0.25749138]],[[0.1893227]],[[0.26048272]],16.532302618026733
268,1,0.5,relu,14,20,32,5,2,25,0.1710396558046341,0.1981991082429886,0.042864419519901276,0.031155432884891827,0.04332495480775833,[[0.25761516]],[[0.18724415]],[[0.26038298]],16.359008312225342
269,1,0.5,relu,14,20,32,6,1,25,0.17363037168979645,0.19844841957092285,0.043913998951514564,0.03240036033093929,0.044352058321237564,[[0.26392313]],[[0.19472617]],[[0.26655587]],14.817514657974243
270,1,0.5,relu,14,20,32,6,2,25,0.1805335134267807,0.2063468098640442,0.04416474079092344,0.032229491819938026,0.044625320782264076,[[0.26543009]],[[0.19369925]],[[0.26819818]],16.820451021194458
271,1,0.5,relu,14,20,64,4,1,25,0.22594775259494781,0.24785251915454865,0.048260911057392754,0.03723437711596489,0.04879839469989141,[[0.29004808]],[[0.22377861]],[[0.29327835]],16.42976975440979
272,1,0.5,relu,14,20,64,4,2,25,0.19230882823467255,0.21558748185634613,0.04527352377772331,0.03372731556495031,0.04578751449783643,[[0.27209388]],[[0.20270117]],[[0.27518296]],14.708266735076904
273,1,0.5,relu,14,20,64,5,1,25,0.23561222851276398,0.2568778991699219,0.049304054429133735,0.038386523723602295,0.04978069414695104,[[0.29631737]],[[0.23070301]],[[0.29918197]],18.08156180381775
274,1,0.5,relu,14,20,64,5,2,25,0.18758679926395416,0.21013899147510529,0.043342225253582,0.03192343128224214,0.04389830554525057,[[0.26048677]],[[0.19185982]],[[0.26382882]],17.276756286621094
275,1,0.5,relu,14,20,64,6,1,25,0.23720525205135345,0.25827619433403015,0.0490171971420447,0.03820606631537279,0.04951134448250135,[[0.29459335]],[[0.22961846]],[[0.29756318]],14.251097679138184
276,1,0.5,relu,14,20,64,6,2,25,0.19167299568653107,0.21441078186035156,0.04475575809677442,0.0333394818007946,0.04529135301709175,[[0.26898211]],[[0.20037029]],[[0.27220103]],16.55286192893982
277,1,0.5,relu,14,30,32,4,1,25,0.19859345257282257,0.22159874439239502,0.04642317071557045,0.033740739027659096,0.04706205427646637,[[0.27900326]],[[0.20278184]],[[0.28284295]],12.705210447311401
278,1,0.5,relu,14,30,32,4,2,25,0.16841839253902435,0.19268745183944702,0.04224430645505587,0.029829646771152813,0.04288685197631518,[[0.25388828]],[[0.17927618]],[[0.25774998]],13.857494354248047
279,1,0.5,relu,14,30,32,5,1,25,0.19229529798030853,0.21369695663452148,0.04353860765695572,0.03132405628760656,0.04417062302430471,[[0.26166703]],[[0.18825758]],[[0.26546544]],14.28405213356018
280,1,0.5,relu,14,30,32,5,2,25,0.17337989807128906,0.19852674007415771,0.0412962573270003,0.029122925053040188,0.04195598637064298,[[0.24819051]],[[0.17502878]],[[0.25215548]],12.825756788253784
281,1,0.5,relu,14,30,32,6,1,25,0.1867070198059082,0.20827507972717285,0.04436934242645899,0.031887476022044815,0.04497299715876579,[[0.26665975]],[[0.19164373]],[[0.27028771]],12.803221225738525
282,1,0.5,relu,14,30,32,6,2,25,0.17606079578399658,0.2005491703748703,0.04253798102339109,0.030357804770270985,0.04318153113126755,[[0.25565327]],[[0.18245041]],[[0.259521]],12.961272954940796
283,1,0.5,relu,14,30,64,4,1,25,0.23426078259944916,0.2555059492588043,0.050534081955750786,0.039757544795672096,0.051109603295723595,[[0.30370983]],[[0.23894284]],[[0.30716872]],13.58928656578064
284,1,0.5,relu,14,30,64,4,2,25,0.17967911064624786,0.20247304439544678,0.04296798879901568,0.030238430326183636,0.04360751807689667,[[0.25823761]],[[0.18173297]],[[0.26208118]],13.141940355300903
285,1,0.5,relu,14,30,64,5,1,25,0.17940866947174072,0.2022802233695984,0.04218637322386106,0.030196574206153553,0.04278165474534035,[[0.2535401]],[[0.18148141]],[[0.25711775]],14.185615301132202
286,1,0.5,relu,14,30,64,5,2,25,0.1830485314130783,0.20561830699443817,0.04213361069560051,0.02946048912902673,0.042797841131687164,[[0.253223]],[[0.17705754]],[[0.25721503]],14.519168138504028
287,1,0.5,relu,14,30,64,6,1,25,0.1964349001646042,0.2193535417318344,0.04502554113666216,0.03364253727098306,0.04556486879785856,[[0.2706035]],[[0.20219165]],[[0.27384486]],13.802550792694092
288,1,0.5,relu,14,30,64,6,2,25,0.1793719083070755,0.20265837013721466,0.042466528713703156,0.029761934652924538,0.04313277080655098,[[0.25522384]],[[0.17886923]],[[0.25922795]],13.023606538772583
289,1,0.5,relu,21,10,32,4,1,25,0.2467341274023056,0.27181968092918396,0.05327283466855685,0.04028276478250822,0.05275488272309303,[[0.32016974]],[[0.24209942]],[[0.31705685]],21.183627128601074
290,1,0.5,relu,21,10,32,4,2,25,0.2424154430627823,0.26783278584480286,0.05387844890356064,0.04099959880113602,0.05331919342279434,[[0.32380948]],[[0.24640759]],[[0.32044835]],25.265727758407593
291,1,0.5,relu,21,10,32,5,1,25,0.2221957892179489,0.24697552621364594,0.05321563904484113,0.040462652842203774,0.05241727332274119,[[0.31982599]],[[0.24318054]],[[0.31502781]],25.478074550628662
292,1,0.5,relu,21,10,32,5,2,25,0.20617763698101044,0.2305922508239746,0.05217963953812917,0.0390553151567777,0.05145450557271639,[[0.31359963]],[[0.23472244]],[[0.30924158]],20.929251670837402
293,1,0.5,relu,21,10,32,6,1,25,0.23767100274562836,0.2620691657066345,0.055103338013092674,0.04217794661720594,0.05441152180234591,[[0.33117106]],[[0.25348946]],[[0.32701325]],24.73256802558899
294,1,0.5,relu,21,10,32,6,2,25,0.20764918625354767,0.23208676278591156,0.052511888245741524,0.039407890290021896,0.051780954003334045,[[0.31559645]],[[0.23684142]],[[0.31120353]],19.562216758728027
295,1,0.5,relu,21,10,64,4,1,25,0.24927453696727753,0.2730989456176758,0.05311913167436918,0.03933851048350334,0.052568272997935615,[[0.31924598]],[[0.23642445]],[[0.31593532]],20.385178804397583
296,1,0.5,relu,21,10,64,4,2,25,0.25237444043159485,0.2760273218154907,0.05441205700238546,0.04095285882552465,0.05375126997629801,[[0.32701646]],[[0.24612668]],[[0.32304513]],21.030503511428833
297,1,0.5,relu,21,10,64,5,1,25,0.21354611217975616,0.23616527020931244,0.05229125047723452,0.03839937783777714,0.05154613902171453,[[0.31427042]],[[0.23078026]],[[0.3097923]],19.199376821517944
298,1,0.5,relu,21,10,64,5,2,25,0.2679831087589264,0.291447252035141,0.05580716704328855,0.04241355756918589,0.055253345519304276,[[0.33540107]],[[0.25490548]],[[0.33207261]],20.243425607681274
299,1,0.5,relu,21,10,64,6,1,25,0.22770483791828156,0.2509184181690216,0.05314029132326444,0.03955716329316298,0.05241676792502403,[[0.31937315]],[[0.23773855]],[[0.31502478]],24.755934715270996
300,1,0.5,relu,21,10,64,6,2,25,0.26961052417755127,0.2923966944217682,0.055578235536813736,0.04212826490402222,0.05505538607637087,[[0.3340252]],[[0.25319087]],[[0.33088287]],22.140198707580566
301,1,0.5,relu,21,20,32,4,1,25,0.213550865650177,0.2396266609430313,0.046765568355719246,0.03335251472890377,0.046377237886190414,[[0.28106107]],[[0.20044861]],[[0.2787272]],16.61336398124695
302,1,0.5,relu,21,20,32,4,2,25,0.17536628246307373,0.20371001958847046,0.04588196550806364,0.03240100294351578,0.04543081050117811,[[0.27575061]],[[0.19473003]],[[0.27303917]],16.52691912651062
303,1,0.5,relu,21,20,32,5,1,25,0.18934015929698944,0.2157384157180786,0.04446570078531901,0.030838611846168835,0.04407096033294996,[[0.26723886]],[[0.18534006]],[[0.26486647]],14.500205993652344
304,1,0.5,relu,21,20,32,5,2,25,0.1837569922208786,0.21111635863780975,0.04626865188280741,0.0327927911033233,0.04583974927663803,[[0.2780746]],[[0.19708467]],[[0.27549689]],15.460402727127075
305,1,0.5,relu,21,20,32,6,1,25,0.1869841367006302,0.2130497694015503,0.04562228793899218,0.032118831450740494,0.045080273101727165,[[0.27418995]],[[0.19303418]],[[0.27093244]],14.779085636138916
306,1,0.5,relu,21,20,32,6,2,25,0.18304018676280975,0.20940840244293213,0.047015078365802765,0.033418756599227585,0.04650968313217163,[[0.28256062]],[[0.20084673]],[[0.2795232]],16.312880992889404
307,1,0.5,relu,21,20,64,4,1,25,0.2579687535762787,0.2817363739013672,0.04886396353443464,0.03524771643181642,0.048666875809431076,[[0.29367242]],[[0.21183878]],[[0.29248792]],14.58269453048706
308,1,0.5,relu,21,20,64,4,2,25,0.22005943953990936,0.24423670768737793,0.0467728686829408,0.03330297830204169,0.04642818495631218,[[0.28110494]],[[0.2001509]],[[0.27903339]],17.15612006187439
309,1,0.5,relu,21,20,64,5,1,25,0.24144943058490753,0.26454952359199524,0.048402624825636544,0.03447012851635615,0.047996041675408684,[[0.29089978]],[[0.20716547]],[[0.28845621]],15.139619827270508
310,1,0.5,relu,21,20,64,5,2,25,0.22515968978405,0.24917583167552948,0.04954895501335462,0.036717752615610756,0.049217638870080314,[[0.29778922]],[[0.22067369]],[[0.29579801]],13.677356243133545
311,1,0.5,relu,21,20,64,6,1,25,0.2498432844877243,0.27253320813179016,0.04966368277867635,0.03586727815369765,0.04925596589843432,[[0.29847873]],[[0.21556234]],[[0.29602836]],14.215352773666382
312,1,0.5,relu,21,20,64,6,2,25,0.22689013183116913,0.24927711486816406,0.04766412824392319,0.03417726047337055,0.047306413451830544,[[0.28646141]],[[0.20540534]],[[0.28431154]],16.81617569923401
313,1,0.5,relu,21,30,32,4,1,25,0.20362384617328644,0.22730527818202972,0.04626707981030146,0.03281958028674126,0.045833284656206764,[[0.27806515]],[[0.19724568]],[[0.27545804]],13.250962257385254
314,1,0.5,relu,21,30,32,4,2,25,0.21435654163360596,0.23670095205307007,0.048034860442082085,0.034503490353624024,0.047591147323449455,[[0.28868951]],[[0.20736598]],[[0.2860228]],13.295166492462158
315,1,0.5,relu,21,30,32,5,1,25,0.21856658160686493,0.2461441606283188,0.04675971592466036,0.03315009114642938,0.04638754452268282,[[0.28102589]],[[0.19923205]],[[0.27878914]],12.622118711471558
316,1,0.5,relu,21,30,32,5,2,25,0.20787276327610016,0.23058974742889404,0.04665516937772433,0.03284680346647898,0.04628184189399084,[[0.28039757]],[[0.19740929]],[[0.27815387]],12.743757724761963
317,1,0.5,relu,21,30,32,6,1,25,0.20293571054935455,0.2278953343629837,0.0450436236957709,0.03121793766816457,0.04465357959270477,[[0.27071218]],[[0.18761981]],[[0.26836801]],13.292553424835205
318,1,0.5,relu,21,30,32,6,2,25,0.21078963577747345,0.23347246646881104,0.048294875770807266,0.034590872625509896,0.04780764629443487,[[0.2902522]],[[0.20789114]],[[0.28732395]],13.267361164093018
319,1,0.5,relu,21,30,64,4,1,25,0.2032037228345871,0.22752642631530762,0.04720638568202654,0.033320628106594086,0.046830100317796074,[[0.28371038]],[[0.20025697]],[[0.2814489]],13.572874784469604
320,1,0.5,relu,21,30,64,4,2,25,0.16673123836517334,0.19461633265018463,0.0427120936413606,0.028567600374420483,0.042303115129470825,[[0.25669968]],[[0.17169128]],[[0.25424172]],14.008410692214966
321,1,0.5,relu,21,30,64,5,1,25,0.22073417901992798,0.24504709243774414,0.05086382602651914,0.03717723612984022,0.05033406366904577,[[0.30569159]],[[0.22343519]],[[0.30250772]],13.164759397506714
322,1,0.5,relu,21,30,64,5,2,25,0.21091032028198242,0.23580394685268402,0.050661273300647736,0.03722288149098555,0.05013639355699221,[[0.30447425]],[[0.22370952]],[[0.30131973]],12.805765628814697
323,1,0.5,relu,21,30,64,6,1,25,0.18881440162658691,0.21591944992542267,0.044873740524053574,0.030928514897823334,0.044661570340394974,[[0.26969118]],[[0.18588037]],[[0.26841604]],13.87572717666626
324,1,0.5,relu,21,30,64,6,2,25,0.20933115482330322,0.23457324504852295,0.04875424007574717,0.03508830443024635,0.04838326697548231,[[0.29301298]],[[0.21088071]],[[0.29078343]],12.88379192352295
325,1,0.5,tanh,7,10,32,4,1,25,0.19853109121322632,0.2234019637107849,0.045425442357858024,0.034149058163166046,0.0457802377641201,[[0.27300691]],[[0.20523584]],[[0.27513923]],21.881001710891724
326,1,0.5,tanh,7,10,32,4,2,25,0.19658415019512177,0.22137193381786346,0.046370018273591995,0.035016003996133804,0.046716026961803436,[[0.27868381]],[[0.21044618]],[[0.28076332]],25.43801784515381
327,1,0.5,tanh,7,10,32,5,1,25,0.20369385182857513,0.22827482223510742,0.04717197145024935,0.03589757593969504,0.047472190111875534,[[0.28350355]],[[0.21574443]],[[0.28530786]],24.536734342575073
328,1,0.5,tanh,7,10,32,5,2,25,0.19559812545776367,0.21904724836349487,0.049474199612935386,0.038094960153102875,0.049710304786761604,[[0.29733994]],[[0.22895071]],[[0.29875893]],20.571779489517212
329,1,0.5,tanh,7,10,32,6,1,25,0.20609958469867706,0.23102430999279022,0.04698701202869415,0.03571769533058008,0.04731432845195135,[[0.28239194]],[[0.21466335]],[[0.28435911]],19.568523645401
330,1,0.5,tanh,7,10,32,6,2,25,0.20495079457759857,0.22892923653125763,0.047922052443027496,0.03659455602367719,0.048238915701707206,[[0.28801154]],[[0.21993328]],[[0.28991588]],24.548847436904907
331,1,0.5,tanh,7,10,64,4,1,25,0.16828860342502594,0.1900443583726883,0.044506351153055825,0.03241153061389923,0.04497737189133962,[[0.26748317]],[[0.1947933]],[[0.27031401]],26.30866551399231
332,1,0.5,tanh,7,10,64,4,2,25,0.16375680267810822,0.1888893097639084,0.043386499087015785,0.03155984543263912,0.043767329305410385,[[0.26075286]],[[0.18967467]],[[0.26304165]],25.754305839538574
333,1,0.5,tanh,7,10,64,5,1,25,0.17084752023220062,0.19257812201976776,0.04512998772164186,0.03307835136850675,0.0455731526017189,[[0.27123123]],[[0.19880089]],[[0.27389465]],25.67558264732361
334,1,0.5,tanh,7,10,64,5,2,25,0.1741001456975937,0.1993425041437149,0.04630823681751887,0.03493808085719744,0.046572696417570114,[[0.2783125]],[[0.20997787]],[[0.27990191]],24.55481219291687
335,1,0.5,tanh,7,10,64,6,1,25,0.17559628188610077,0.2013988345861435,0.04377469296256701,0.03191677232583364,0.044177282601594925,[[0.2630859]],[[0.1918198]],[[0.26550547]],24.078818321228027
336,1,0.5,tanh,7,10,64,6,2,25,0.17348222434520721,0.19956368207931519,0.04432100678483645,0.0329902209341526,0.04465286433696747,[[0.26636925]],[[0.19827123]],[[0.26836371]],25.7714626789093
337,1,0.5,tanh,7,20,32,4,1,25,0.16485019028186798,0.18635344505310059,0.04173932100335757,0.030222116659084957,0.04218012342850367,[[0.25085332]],[[0.18163492]],[[0.25350254]],15.467394351959229
338,1,0.5,tanh,7,20,32,4,2,25,0.16440944373607635,0.18710200488567352,0.04182569185892741,0.029671552901466686,0.042361305405696235,[[0.25137241]],[[0.17832603]],[[0.25459145]],15.394009113311768
339,1,0.5,tanh,7,20,32,5,1,25,0.1631583571434021,0.1871374398469925,0.041452097396055855,0.029568259914716084,0.04193617030978203,[[0.24912711]],[[0.17770524]],[[0.25203638]],16.743541717529297
340,1,0.5,tanh,7,20,32,5,2,25,0.17403347790241241,0.19647367298603058,0.04499290511012077,0.032548706978559494,0.04551633819937706,[[0.27040736]],[[0.19561773]],[[0.27355319]],16.460613250732422
341,1,0.5,tanh,7,20,32,6,1,25,0.1735960692167282,0.1966087371110916,0.041399650275707245,0.02950394277771314,0.041919334481159844,[[0.2488119]],[[0.1773187]],[[0.2519352]],17.341869115829468
342,1,0.5,tanh,7,20,32,6,2,25,0.17108875513076782,0.1924125701189041,0.042744300017754235,0.030576099331180256,0.04326645533243815,[[0.25689324]],[[0.18376236]],[[0.2600314]],17.54247212409973
343,1,0.5,tanh,7,20,64,4,1,25,0.20184464752674103,0.22698844969272614,0.04329517980416616,0.03207397026320299,0.0437766487399737,[[0.26020403]],[[0.19276456]],[[0.26309766]],16.583080768585205
344,1,0.5,tanh,7,20,64,4,2,25,0.20643466711044312,0.23141276836395264,0.04488742724061012,0.03364615887403488,0.04536725456515948,[[0.26977344]],[[0.20221341]],[[0.2726572]],16.769599437713623
345,1,0.5,tanh,7,20,64,5,1,25,0.2183058112859726,0.24449706077575684,0.044634548326333366,0.03342841441432635,0.04514600212375323,[[0.26825364]],[[0.20090477]],[[0.27132747]],16.96958017349243
346,1,0.5,tanh,7,20,64,5,2,25,0.18683640658855438,0.21033388376235962,0.04531594490011533,0.033139269798994064,0.04582258562246958,[[0.27234883]],[[0.19916701]],[[0.27539374]],15.40876841545105
347,1,0.5,tanh,7,20,64,6,1,25,0.21235589683055878,0.23854677379131317,0.045111820101737976,0.033937448635697365,0.04560075327754021,[[0.27112204]],[[0.20396407]],[[0.27406053]],14.57379150390625
348,1,0.5,tanh,7,20,64,6,2,25,0.1830536276102066,0.20651324093341827,0.04283566400408745,0.030773287639021873,0.04338532562057177,[[0.25744234]],[[0.18494746]],[[0.26074581]],15.007780075073242
349,1,0.5,tanh,7,30,32,4,1,25,0.15139053761959076,0.17480115592479706,0.04177962988615036,0.030185755342245102,0.04215245942274729,[[0.25109558]],[[0.18141639]],[[0.25333628]],13.153701066970825
350,1,0.5,tanh,7,30,32,4,2,25,0.14344394207000732,0.16908104717731476,0.041281948486963906,0.029327971239884693,0.04173467432459196,[[0.24810451]],[[0.17626111]],[[0.25082539]],13.383295059204102
351,1,0.5,tanh,7,30,32,5,1,25,0.14838546514511108,0.17328743636608124,0.04099640933175882,0.02935991312066714,0.04141148552298546,[[0.24638842]],[[0.17645308]],[[0.24888303]],13.544275999069214
352,1,0.5,tanh,7,30,32,5,2,25,0.1875995397567749,0.2113589197397232,0.04779719809691111,0.036033021907011666,0.04819768418868383,[[0.28726116]],[[0.21655846]],[[0.28966808]],12.8170645236969
353,1,0.5,tanh,7,30,32,6,1,25,0.1481724977493286,0.17381267249584198,0.040630980705221496,0.029018312692642212,0.04107195883989334,[[0.24419219]],[[0.17440006]],[[0.24684247]],13.447333097457886
354,1,0.5,tanh,7,30,32,6,2,25,0.18353043496608734,0.20711244642734528,0.045386491964260735,0.03403290609518687,0.04578232392668724,[[0.27277282]],[[0.20453777]],[[0.27515177]],12.418593645095825
355,1,0.5,tanh,7,30,64,4,1,25,0.17625300586223602,0.20177148282527924,0.04004856447378794,0.02816552979250749,0.04055191452304522,[[0.24069187]],[[0.16927483]],[[0.24371701]],13.859796285629272
356,1,0.5,tanh,7,30,64,4,2,25,0.1659518927335739,0.19164079427719116,0.03957820807894071,0.027305185173948605,0.04015408083796501,[[0.23786503]],[[0.16410416]],[[0.24132603]],13.496387481689453
357,1,0.5,tanh,7,30,64,5,1,25,0.17152070999145508,0.19910603761672974,0.03966795156399409,0.027645418420433998,0.04020876934130987,[[0.23840439]],[[0.16614896]],[[0.2416547]],13.720292329788208
358,1,0.5,tanh,7,30,64,5,2,25,0.1728074997663498,0.19769354164600372,0.042127612978219986,0.029824935520688694,0.042716109504302345,[[0.25318695]],[[0.17924786]],[[0.25672382]],12.588234901428223
359,1,0.5,tanh,7,30,64,6,1,25,0.1719975620508194,0.19928938150405884,0.03982532893617948,0.02773763674000899,0.04038470114270846,[[0.23935023]],[[0.1667032]],[[0.24271205]],12.562867641448975
360,1,0.5,tanh,7,30,64,6,2,25,0.17233292758464813,0.1966935247182846,0.04020279770096143,0.028076276804010075,0.040785315136114754,[[0.24161881]],[[0.16873842]],[[0.24511974]],14.672740936279297
361,1,0.5,tanh,14,10,32,4,1,25,0.204654261469841,0.22937114536762238,0.04559691001971563,0.03415529429912567,0.046089390913645424,[[0.27403743]],[[0.20527332]],[[0.27699724]],27.223054885864258
362,1,0.5,tanh,14,10,32,4,2,25,0.1929592341184616,0.21669192612171173,0.047983900954325996,0.036667692785461746,0.048360127955675125,[[0.28838324]],[[0.22037283]],[[0.29064437]],18.92517375946045
363,1,0.5,tanh,14,10,32,5,1,25,0.20872999727725983,0.23286987841129303,0.04639675716559092,0.03509410781164964,0.04684887702266375,[[0.27884451]],[[0.21091559]],[[0.28156175]],20.49429678916931
364,1,0.5,tanh,14,10,32,5,2,25,0.1998813897371292,0.2238062620162964,0.04778605575362841,0.0365497674793005,0.0481453463435173,[[0.2871942]],[[0.2196641]],[[0.28935353]],25.774971961975098
365,1,0.5,tanh,14,10,32,6,1,25,0.2017696350812912,0.22614474594593048,0.047473439325888954,0.03611569292843342,0.04784618069728216,[[0.28531537]],[[0.21705531]],[[0.28755555]],24.874555587768555
366,1,0.5,tanh,14,10,32,6,2,25,0.20025169849395752,0.22405047714710236,0.05011053880055746,0.03897023138900598,0.05040689433614413,[[0.30116434]],[[0.23421109]],[[0.30294543]],19.015263557434082
367,1,0.5,tanh,14,10,64,4,1,25,0.1811739057302475,0.20576196908950806,0.04986972361803055,0.03899219073355198,0.050336435437202454,[[0.29971704]],[[0.23434307]],[[0.30252198]],25.632726192474365
368,1,0.5,tanh,14,10,64,4,2,25,0.1824064701795578,0.20602673292160034,0.04976344356934229,0.038255851715803146,0.05010616406798363,[[0.2990783]],[[0.22991767]],[[0.30113805]],20.556004285812378
369,1,0.5,tanh,14,10,64,5,1,25,0.17767424881458282,0.20275531709194183,0.05102930963039398,0.040030721575021744,0.05140370378891627,[[0.30668615]],[[0.24058464]],[[0.30893626]],19.32465124130249
370,1,0.5,tanh,14,10,64,5,2,25,0.17975260317325592,0.20250852406024933,0.050494647274414696,0.039516214902202286,0.050873737782239914,[[0.30347283]],[[0.23749245]],[[0.30575116]],19.439539909362793
371,1,0.5,tanh,14,10,64,6,1,25,0.17793725430965424,0.20210881531238556,0.051614890495936074,0.040576849753657974,0.05197633678714434,[[0.31020549]],[[0.24386687]],[[0.31237778]],24.872146368026733
372,1,0.5,tanh,14,10,64,6,2,25,0.1805487871170044,0.2040327787399292,0.04984503239393234,0.03846582894523939,0.05012960856159528,[[0.29956864]],[[0.23117963]],[[0.30127895]],24.39426302909851
373,1,0.5,tanh,14,20,32,4,1,25,0.20505891740322113,0.2293185591697693,0.04612791414062182,0.035074726988871895,0.04667705918351809,[[0.27722876]],[[0.21079911]],[[0.28052913]],17.004430532455444
374,1,0.5,tanh,14,20,32,4,2,25,0.16449038684368134,0.18941402435302734,0.04386948545773824,0.032425773640473686,0.044367413967847824,[[0.26365561]],[[0.1948789]],[[0.26664816]],15.187849998474121
375,1,0.5,tanh,14,20,32,5,1,25,0.20006532967090607,0.22334225475788116,0.04509066169460615,0.03403682137529055,0.04562371348341306,[[0.27099488]],[[0.2045613]],[[0.27419852]],17.282719373703003
376,1,0.5,tanh,14,20,32,5,2,25,0.17404025793075562,0.19956064224243164,0.04383991286158562,0.03265056014060974,0.04427984605232874,[[0.26347788]],[[0.19622987]],[[0.26612187]],14.133559465408325
377,1,0.5,tanh,14,20,32,6,1,25,0.20111292600631714,0.22304785251617432,0.044559597969055176,0.033480286598205566,0.04507501547535261,[[0.26780318]],[[0.20121652]],[[0.27090084]],14.56993293762207
378,1,0.5,tanh,14,20,32,6,2,25,0.1756093055009842,0.20074407756328583,0.04451881473263105,0.03326076020797094,0.04492997626463572,[[0.26755808]],[[0.19989717]],[[0.27002916]],15.55203652381897
379,1,0.5,tanh,14,20,64,4,1,25,0.17226088047027588,0.19752518832683563,0.04522719606757164,0.03367662367721399,0.04586519549290339,[[0.27181545]],[[0.20239651]],[[0.27564982]],14.914923906326294
380,1,0.5,tanh,14,20,64,4,2,25,0.2121395319700241,0.23376326262950897,0.04829188187917074,0.03730501731236776,0.048800540467103325,[[0.29023421]],[[0.22420315]],[[0.29329125]],15.33089804649353
381,1,0.5,tanh,14,20,64,5,1,25,0.185629203915596,0.2104814052581787,0.04814025014638901,0.03658355213701725,0.04878689100344976,[[0.2893229]],[[0.21986715]],[[0.29320921]],16.81971526145935
382,1,0.5,tanh,14,20,64,5,2,25,0.208559051156044,0.2310042828321457,0.044311062743266426,0.03323677865167459,0.04489488775531451,[[0.26630949]],[[0.19975304]],[[0.26981828]],14.84680461883545
383,1,0.5,tanh,14,20,64,6,1,25,0.17529268562793732,0.19708333909511566,0.044949024294813476,0.03335680067539215,0.045512549579143524,[[0.27014364]],[[0.20047437]],[[0.27353042]],14.638586521148682
384,1,0.5,tanh,14,20,64,6,2,25,0.2053671032190323,0.22738611698150635,0.04715391496817271,0.035908330231904984,0.04765441144506136,[[0.28339503]],[[0.21580906]],[[0.28640301]],16.550514936447144
385,1,0.5,tanh,14,30,32,4,1,25,0.23926930129528046,0.26010438799858093,0.052291546016931534,0.04032674431800842,0.0529060997068882,[[0.31427219]],[[0.24236373]],[[0.31796566]],13.801161527633667
386,1,0.5,tanh,14,30,32,4,2,25,0.18596325814723969,0.20741838216781616,0.0449384351571401,0.03263173314432303,0.04559176911910375,[[0.27008]],[[0.19611672]],[[0.27400653]],13.165795803070068
387,1,0.5,tanh,14,30,32,5,1,25,0.20193080604076385,0.22211050987243652,0.04473579550782839,0.032583298782507576,0.04540706425905228,[[0.26886213]],[[0.19582563]],[[0.27289646]],12.95763635635376
388,1,0.5,tanh,14,30,32,5,2,25,0.18181760609149933,0.2041519433259964,0.042914751917123795,0.030772220343351364,0.043571447332700096,[[0.25791766]],[[0.18494104]],[[0.2618644]],13.220162868499756
389,1,0.5,tanh,14,30,32,6,1,25,0.1999536007642746,0.22107529640197754,0.04451839129130045,0.03246167923013369,0.04518329227964083,[[0.26755553]],[[0.19509469]],[[0.27155159]],13.245313882827759
390,1,0.5,tanh,14,30,32,6,2,25,0.18181662261486053,0.20442162454128265,0.04371657222509384,0.03160714296003183,0.0443394643565019,[[0.2627366]],[[0.18995893]],[[0.26648018]],13.616826295852661
391,1,0.5,tanh,14,30,64,4,1,25,0.3156757652759552,0.3361605107784271,0.05963190024097761,0.04985947348177433,0.06010523935159048,[[0.35838772]],[[0.29965544]],[[0.36123249]],12.682738065719604
392,1,0.5,tanh,14,30,64,4,2,25,0.22450751066207886,0.24622714519500732,0.05278616522749265,0.04258271927634875,0.05310648183027903,[[0.31724485]],[[0.25592214]],[[0.31916996]],13.139561891555786
393,1,0.5,tanh,14,30,64,5,1,25,0.2783220708370209,0.29974856972694397,0.05438391367594401,0.043953641007343926,0.0549213873843352,[[0.32684732]],[[0.26416138]],[[0.33007754]],13.113874673843384
394,1,0.5,tanh,14,30,64,5,2,25,0.25555408000946045,0.2772810757160187,0.052538098146518074,0.042546710620323815,0.053029527266820274,[[0.31575397]],[[0.25570573]],[[0.31870746]],13.214550971984863
395,1,0.5,tanh,14,30,64,6,1,25,0.2746516764163971,0.29533669352531433,0.05457782497008642,0.04406129568815231,0.05510266746083895,[[0.32801273]],[[0.26480839]],[[0.33116703]],13.663313865661621
396,1,0.5,tanh,14,30,64,6,2,25,0.1702495813369751,0.19533894956111908,0.04241126899917921,0.030545778572559357,0.04297452295819918,[[0.25489173]],[[0.18358013]],[[0.25827688]],13.022429704666138
397,1,0.5,tanh,21,10,32,4,1,25,0.251441091299057,0.2749161422252655,0.051045926908651985,0.03829245828092098,0.05060228332877159,[[0.30678602]],[[0.23013767]],[[0.30411972]],21.035731554031372
398,1,0.5,tanh,21,10,32,4,2,25,0.22888554632663727,0.2529158294200897,0.049820732325315475,0.03704690436522166,0.049340054392814636,[[0.2994226]],[[0.2226519]],[[0.29653373]],20.40679907798767
399,1,0.5,tanh,21,10,32,5,1,25,0.242139533162117,0.265398770570755,0.051243361085653305,0.03842960794766744,0.05073616529504458,[[0.3079726]],[[0.23096194]],[[0.30492435]],25.688654899597168
400,1,0.5,tanh,21,10,32,5,2,25,0.20887088775634766,0.23391561210155487,0.05192277953028679,0.038927446429928146,0.05122824634114901,[[0.3120559]],[[0.23395395]],[[0.30788176]],25.34609293937683
401,1,0.5,tanh,21,10,32,6,1,25,0.24439148604869843,0.2672748565673828,0.052340218176444374,0.039613811299204826,0.05177426834901174,[[0.31456471]],[[0.23807901]],[[0.31116335]],19.226518392562866
402,1,0.5,tanh,21,10,32,6,2,25,0.2173110991716385,0.24217741191387177,0.051429985711971916,0.0386646514137586,0.050815731287002563,[[0.30909421]],[[0.23237455]],[[0.30540255]],25.717145204544067
403,1,0.5,tanh,21,10,64,4,1,25,0.2086326628923416,0.23124755918979645,0.05419061457117399,0.04093405480186144,0.05347685515880585,[[0.32568559]],[[0.24601367]],[[0.3213959]],25.87179470062256
404,1,0.5,tanh,21,10,64,4,2,25,0.19972264766693115,0.22208386659622192,0.053910378366708755,0.040359655395150185,0.053191727648178734,[[0.32400137]],[[0.24256153]],[[0.31968228]],25.28870153427124
405,1,0.5,tanh,21,10,64,5,1,25,0.2080724686384201,0.2314353734254837,0.05524616315960884,0.04194632110496362,0.0545099638402462,[[0.33202944]],[[0.25209739]],[[0.32760488]],21.046849250793457
406,1,0.5,tanh,21,10,64,5,2,25,0.20180918276309967,0.22311384975910187,0.05603582908709844,0.04199597177406152,0.0551986296971639,[[0.33677533]],[[0.25239579]],[[0.33174376]],19.685654878616333
407,1,0.5,tanh,21,10,64,6,1,25,0.2050378918647766,0.23055613040924072,0.05668614680568377,0.043354280292987823,0.05594124769171079,[[0.34068374]],[[0.26055922]],[[0.3362069]],20.898916006088257
408,1,0.5,tanh,21,10,64,6,2,25,0.20469550788402557,0.225674569606781,0.05705563103159269,0.04349239853521188,0.05622827261686325,[[0.34290434]],[[0.26138932]],[[0.33793192]],25.922211408615112
409,1,0.5,tanh,21,20,32,4,1,25,0.2843308746814728,0.3094191253185272,0.05322522049148878,0.040568637351195015,0.0528940719862779,[[0.31988358]],[[0.24381751]],[[0.31789337]],16.826968669891357
410,1,0.5,tanh,21,20,32,4,2,25,0.2014756202697754,0.22740256786346436,0.046105097979307175,0.03301736650367578,0.045668462912241616,[[0.27709164]],[[0.19843437]],[[0.27446746]],17.09034276008606
411,1,0.5,tanh,21,20,32,5,1,25,0.21574808657169342,0.24270600080490112,0.045671071857213974,0.03205680971344312,0.045309397081534065,[[0.27448314]],[[0.19266143]],[[0.27230948]],14.52695107460022
412,1,0.5,tanh,21,20,32,5,2,25,0.1820635050535202,0.21146006882190704,0.046512811134258904,0.033232505122820534,0.04604465141892433,[[0.27954199]],[[0.19972736]],[[0.27672836]],14.318707466125488
413,1,0.5,tanh,21,20,32,6,1,25,0.2741423547267914,0.30127090215682983,0.05139099061489105,0.03858967373768488,0.0510585680603981,[[0.30885985]],[[0.23192394]],[[0.30686199]],16.302076816558838
414,1,0.5,tanh,21,20,32,6,2,25,0.1845073699951172,0.21239928901195526,0.045620628943045936,0.032452007134755455,0.045193235079447426,[[0.27417998]],[[0.19503656]],[[0.27161134]],15.697831153869629
415,1,0.5,tanh,21,20,64,4,1,25,0.1969483345746994,0.22158940136432648,0.04880426203211149,0.03462931886315346,0.048322355995575585,[[0.29331361]],[[0.20812221]],[[0.29041736]],16.72433638572693
416,1,0.5,tanh,21,20,64,4,2,25,0.24686510860919952,0.27156296372413635,0.046502391497294106,0.03322871836523215,0.04633274177710215,[[0.27947937]],[[0.1997046]],[[0.27845978]],14.582091331481934
417,1,0.5,tanh,21,20,64,5,1,25,0.19655050337314606,0.22312425076961517,0.050373016546169914,0.03622709152599176,0.049889555821816124,[[0.30274183]],[[0.21772482]],[[0.29983623]],16.816112279891968
418,1,0.5,tanh,21,20,64,5,2,25,0.2411005049943924,0.2648179531097412,0.04864507044355074,0.03520331593851248,0.0483563207089901,[[0.29235687]],[[0.21157193]],[[0.29062149]],15.343250036239624
419,1,0.5,tanh,21,20,64,6,1,25,0.2017141729593277,0.22640152275562286,0.052463644494613014,0.03826336624721686,0.05195140466094017,[[0.3153065]],[[0.22996283]],[[0.31222794]],17.305015087127686
420,1,0.5,tanh,21,20,64,6,2,25,0.20191307365894318,0.22719065845012665,0.04537798340121905,0.03163608101507028,0.04495668287078539,[[0.27272168]],[[0.19013285]],[[0.27018966]],14.25254487991333
421,1,0.5,tanh,21,30,32,4,1,25,0.22545354068279266,0.2512378990650177,0.04799584050973257,0.0348009318113327,0.047659993171691895,[[0.288455]],[[0.2091536]],[[0.28643656]],12.896144390106201
422,1,0.5,tanh,21,30,32,4,2,25,0.19349156320095062,0.21772778034210205,0.045113244404395424,0.03142384688059489,0.04471489662925402,[[0.2711306]],[[0.18885732]],[[0.26873653]],13.415889024734497
423,1,0.5,tanh,21,30,32,5,1,25,0.2037276029586792,0.22724466025829315,0.04581263909737269,0.03242927479247252,0.045486067732175194,[[0.27533396]],[[0.19489994]],[[0.27337127]],13.813946723937988
424,1,0.5,tanh,21,30,32,5,2,25,0.18972845375537872,0.21423707902431488,0.04601934552192688,0.032152026891708374,0.045550212264060974,[[0.27657627]],[[0.19323368]],[[0.27375678]],12.61161494255066
425,1,0.5,tanh,21,30,32,6,1,25,0.20476657152175903,0.22897078096866608,0.045332007110118866,0.031739432364702225,0.045120699952046074,[[0.27244536]],[[0.19075399]],[[0.27117541]],13.84411907196045
426,1,0.5,tanh,21,30,32,6,2,25,0.19485245645046234,0.218549907207489,0.045787801345189415,0.03197531898816427,0.04536978527903557,[[0.27518469]],[[0.19217167]],[[0.27267241]],13.579365730285645
427,1,0.5,tanh,21,30,64,4,1,25,0.30531683564186096,0.3284967243671417,0.059798840433359146,0.0471040066331625,0.059375825027624764,[[0.35939103]],[[0.28309508]],[[0.35684871]],14.680100679397583
428,1,0.5,tanh,21,30,64,4,2,25,0.2387346774339676,0.2631089389324188,0.05180139342943827,0.03881880889336268,0.051363552610079445,[[0.31132637]],[[0.23330104]],[[0.30869495]],13.403401613235474
429,1,0.5,tanh,21,30,64,5,1,25,0.3137609660625458,0.33690157532691956,0.06080837547779083,0.04813168942928314,0.06039126217365265,[[0.36545834]],[[0.28927145]],[[0.36295149]],12.8561851978302
430,1,0.5,tanh,21,30,64,5,2,25,0.21607160568237305,0.24208851158618927,0.05163587505618731,0.0381912961602211,0.05107486496369044,[[0.31033161]],[[0.22952969]],[[0.30695994]],13.614689111709595
431,1,0.5,tanh,21,30,64,6,1,25,0.3023880422115326,0.32519981265068054,0.06000326077143351,0.047465696930885315,0.05960506200790405,[[0.3606196]],[[0.28526884]],[[0.35822642]],12.958519697189331
432,1,0.5,tanh,21,30,64,6,2,25,0.2782593369483948,0.30173587799072266,0.05876097703973452,0.04632310445110003,0.058290516336758934,[[0.35315347]],[[0.27840186]],[[0.350326]],13.41274380683899
433,2,0.0,relu,7,10,32,4,1,25,0.1609688252210617,0.18328799307346344,0.041648924350738525,0.029724568749467533,0.04222367703914642,[[0.25031004]],[[0.17864466]],[[0.2537643]],25.630178689956665
